centreline_id,direction,location,class_type,dt,volume_daily
10923449,Nortbound,SHERBOURNE ST N/B N OF WELLESLEY ST E,Cyclists,2015-09-30,1417
10923449,Nortbound,SHERBOURNE ST N/B N OF WELLESLEY ST E,Cyclists,2015-09-29,897
10923449,Nortbound,SHERBOURNE ST N/B N OF WELLESLEY ST E,Cyclists,2015-09-28,827
10923449,Nortbound,SHERBOURNE ST N/B N OF WELLESLEY ST E,Cyclists,2015-09-27,921
10923449,Nortbound,SHERBOURNE ST N/B N OF WELLESLEY ST E,Cyclists,2015-09-26,827
10923449,Nortbound,SHERBOURNE ST N/B N OF WELLESLEY ST E,Cyclists,2015-09-25,1384
10923449,Nortbound,SHERBOURNE ST N/B N OF WELLESLEY ST E,Cyclists,2015-09-24,1589
10923449,Nortbound,SHERBOURNE ST N/B N OF WELLESLEY ST E,Cyclists,2015-09-23,1528
10923449,Nortbound,SHERBOURNE ST N/B N OF WELLESLEY ST E,Cyclists,2015-09-22,1593
10923449,Nortbound,SHERBOURNE ST N/B N OF WELLESLEY ST E,Cyclists,2015-09-21,1485
10923449,Nortbound,SHERBOURNE ST N/B N OF WELLESLEY ST E,Cyclists,2015-09-20,865
10923449,Nortbound,SHERBOURNE ST N/B N OF WELLESLEY ST E,Cyclists,2015-09-19,516
10923449,Nortbound,SHERBOURNE ST N/B N OF WELLESLEY ST E,Cyclists,2015-09-18,1356
10923449,Nortbound,SHERBOURNE ST N/B N OF WELLESLEY ST E,Cyclists,2015-09-17,1667
10923449,Nortbound,SHERBOURNE ST N/B N OF WELLESLEY ST E,Cyclists,2015-09-16,1645
10923449,Nortbound,SHERBOURNE ST N/B N OF WELLESLEY ST E,Cyclists,2015-09-15,1732
10923449,Nortbound,SHERBOURNE ST N/B N OF WELLESLEY ST E,Cyclists,2015-09-14,1530
10923449,Nortbound,SHERBOURNE ST N/B N OF WELLESLEY ST E,Cyclists,2015-09-13,496
10923449,Nortbound,SHERBOURNE ST N/B N OF WELLESLEY ST E,Cyclists,2015-09-12,441
10923449,Nortbound,SHERBOURNE ST N/B N OF WELLESLEY ST E,Cyclists,2015-09-11,1295
10923449,Nortbound,SHERBOURNE ST N/B N OF WELLESLEY ST E,Cyclists,2015-09-10,1568
10923449,Nortbound,SHERBOURNE ST N/B N OF WELLESLEY ST E,Cyclists,2015-09-09,1064
10923449,Nortbound,SHERBOURNE ST N/B N OF WELLESLEY ST E,Cyclists,2015-09-08,885
10923449,Nortbound,SHERBOURNE ST N/B N OF WELLESLEY ST E,Cyclists,2015-09-07,716
10923449,Nortbound,SHERBOURNE ST N/B N OF WELLESLEY ST E,Cyclists,2015-09-06,791
10923449,Nortbound,SHERBOURNE ST N/B N OF WELLESLEY ST E,Cyclists,2015-09-05,792
10923449,Nortbound,SHERBOURNE ST N/B N OF WELLESLEY ST E,Cyclists,2015-09-04,1145
10923449,Nortbound,SHERBOURNE ST N/B N OF WELLESLEY ST E,Cyclists,2015-09-03,1319
10923449,Nortbound,SHERBOURNE ST N/B N OF WELLESLEY ST E,Cyclists,2015-09-02,1384
10923449,Nortbound,SHERBOURNE ST N/B N OF WELLESLEY ST E,Cyclists,2015-09-01,1477
10923449,Nortbound,SHERBOURNE ST N/B N OF WELLESLEY ST E,Cyclists,2015-08-31,1414
10923449,Nortbound,SHERBOURNE ST N/B N OF WELLESLEY ST E,Cyclists,2015-08-30,851
10923449,Nortbound,SHERBOURNE ST N/B N OF WELLESLEY ST E,Cyclists,2015-08-29,791
10923449,Nortbound,SHERBOURNE ST N/B N OF WELLESLEY ST E,Cyclists,2015-08-28,1406
10923449,Nortbound,SHERBOURNE ST N/B N OF WELLESLEY ST E,Cyclists,2015-08-27,1423
10923449,Nortbound,SHERBOURNE ST N/B N OF WELLESLEY ST E,Cyclists,2015-08-26,1353
10923449,Nortbound,SHERBOURNE ST N/B N OF WELLESLEY ST E,Cyclists,2015-08-25,1389
10923449,Nortbound,SHERBOURNE ST N/B N OF WELLESLEY ST E,Cyclists,2015-08-24,1370
10923449,Nortbound,SHERBOURNE ST N/B N OF WELLESLEY ST E,Cyclists,2015-08-23,966
10923449,Nortbound,SHERBOURNE ST N/B N OF WELLESLEY ST E,Cyclists,2015-08-22,906
10923449,Nortbound,SHERBOURNE ST N/B N OF WELLESLEY ST E,Cyclists,2015-08-21,1288
10923449,Nortbound,SHERBOURNE ST N/B N OF WELLESLEY ST E,Cyclists,2015-08-20,821
10923449,Nortbound,SHERBOURNE ST N/B N OF WELLESLEY ST E,Cyclists,2015-08-19,1358
10923449,Nortbound,SHERBOURNE ST N/B N OF WELLESLEY ST E,Cyclists,2015-08-18,1168
10923449,Nortbound,SHERBOURNE ST N/B N OF WELLESLEY ST E,Cyclists,2015-08-17,1313
10923449,Nortbound,SHERBOURNE ST N/B N OF WELLESLEY ST E,Cyclists,2015-08-16,838
10923449,Nortbound,SHERBOURNE ST N/B N OF WELLESLEY ST E,Cyclists,2015-08-15,827
10923449,Nortbound,SHERBOURNE ST N/B N OF WELLESLEY ST E,Cyclists,2015-08-14,687
10923449,Nortbound,SHERBOURNE ST N/B N OF WELLESLEY ST E,Cyclists,2015-08-13,1437
10923449,Nortbound,SHERBOURNE ST N/B N OF WELLESLEY ST E,Cyclists,2015-08-12,1547
10923449,Nortbound,SHERBOURNE ST N/B N OF WELLESLEY ST E,Cyclists,2015-08-11,1324
10923449,Nortbound,SHERBOURNE ST N/B N OF WELLESLEY ST E,Cyclists,2015-08-10,928
10923449,Nortbound,SHERBOURNE ST N/B N OF WELLESLEY ST E,Cyclists,2015-08-09,1085
10923449,Nortbound,SHERBOURNE ST N/B N OF WELLESLEY ST E,Cyclists,2015-08-08,829
10923449,Nortbound,SHERBOURNE ST N/B N OF WELLESLEY ST E,Cyclists,2015-08-07,1430
10923449,Nortbound,SHERBOURNE ST N/B N OF WELLESLEY ST E,Cyclists,2015-08-06,1541
10923449,Nortbound,SHERBOURNE ST N/B N OF WELLESLEY ST E,Cyclists,2015-08-05,1570
10923449,Nortbound,SHERBOURNE ST N/B N OF WELLESLEY ST E,Cyclists,2015-08-04,1213
10923449,Nortbound,SHERBOURNE ST N/B N OF WELLESLEY ST E,Cyclists,2015-08-03,780
10923449,Nortbound,SHERBOURNE ST N/B N OF WELLESLEY ST E,Cyclists,2015-08-02,752
10923449,Nortbound,SHERBOURNE ST N/B N OF WELLESLEY ST E,Cyclists,2015-08-01,790
10923449,Nortbound,SHERBOURNE ST N/B N OF WELLESLEY ST E,Cyclists,2015-07-31,1218
10923449,Nortbound,SHERBOURNE ST N/B N OF WELLESLEY ST E,Cyclists,2015-07-30,1426
10923449,Nortbound,SHERBOURNE ST N/B N OF WELLESLEY ST E,Cyclists,2015-07-29,1426
10923449,Nortbound,SHERBOURNE ST N/B N OF WELLESLEY ST E,Cyclists,2015-07-28,1511
10923449,Nortbound,SHERBOURNE ST N/B N OF WELLESLEY ST E,Cyclists,2015-07-27,1404
10923449,Nortbound,SHERBOURNE ST N/B N OF WELLESLEY ST E,Cyclists,2015-07-26,944
10923449,Nortbound,SHERBOURNE ST N/B N OF WELLESLEY ST E,Cyclists,2015-07-25,873
10923449,Nortbound,SHERBOURNE ST N/B N OF WELLESLEY ST E,Cyclists,2015-07-24,1386
10923449,Nortbound,SHERBOURNE ST N/B N OF WELLESLEY ST E,Cyclists,2015-07-23,1641
10923449,Nortbound,SHERBOURNE ST N/B N OF WELLESLEY ST E,Cyclists,2015-07-22,1677
10923449,Nortbound,SHERBOURNE ST N/B N OF WELLESLEY ST E,Cyclists,2015-07-21,1636
10923449,Nortbound,SHERBOURNE ST N/B N OF WELLESLEY ST E,Cyclists,2015-07-20,1533
10923449,Nortbound,SHERBOURNE ST N/B N OF WELLESLEY ST E,Cyclists,2015-07-19,877
10923449,Nortbound,SHERBOURNE ST N/B N OF WELLESLEY ST E,Cyclists,2015-07-18,873
10923449,Nortbound,SHERBOURNE ST N/B N OF WELLESLEY ST E,Cyclists,2015-07-17,856
10923449,Nortbound,SHERBOURNE ST N/B N OF WELLESLEY ST E,Cyclists,2015-07-16,1672
10923449,Nortbound,SHERBOURNE ST N/B N OF WELLESLEY ST E,Cyclists,2015-07-15,1827
10923449,Nortbound,SHERBOURNE ST N/B N OF WELLESLEY ST E,Cyclists,2015-07-14,1173
10923449,Nortbound,SHERBOURNE ST N/B N OF WELLESLEY ST E,Cyclists,2015-07-13,1621
10923449,Nortbound,SHERBOURNE ST N/B N OF WELLESLEY ST E,Cyclists,2015-07-12,997
10923449,Nortbound,SHERBOURNE ST N/B N OF WELLESLEY ST E,Cyclists,2015-07-11,1001
10923449,Nortbound,SHERBOURNE ST N/B N OF WELLESLEY ST E,Cyclists,2015-07-10,1517
10923449,Nortbound,SHERBOURNE ST N/B N OF WELLESLEY ST E,Cyclists,2015-07-09,1562
10923449,Nortbound,SHERBOURNE ST N/B N OF WELLESLEY ST E,Cyclists,2015-07-08,1745
10923449,Nortbound,SHERBOURNE ST N/B N OF WELLESLEY ST E,Cyclists,2015-07-07,1117
10923449,Nortbound,SHERBOURNE ST N/B N OF WELLESLEY ST E,Cyclists,2015-07-06,1657
10923449,Nortbound,SHERBOURNE ST N/B N OF WELLESLEY ST E,Cyclists,2015-07-05,1073
10923449,Nortbound,SHERBOURNE ST N/B N OF WELLESLEY ST E,Cyclists,2015-07-04,1058
10923449,Nortbound,SHERBOURNE ST N/B N OF WELLESLEY ST E,Cyclists,2015-07-03,1440
10923449,Nortbound,SHERBOURNE ST N/B N OF WELLESLEY ST E,Cyclists,2015-07-02,1531
10923449,Nortbound,SHERBOURNE ST N/B N OF WELLESLEY ST E,Cyclists,2015-07-01,1200
10923449,Nortbound,SHERBOURNE ST N/B N OF WELLESLEY ST E,Cyclists,2015-06-30,1094
10923449,Nortbound,SHERBOURNE ST N/B N OF WELLESLEY ST E,Cyclists,2015-06-29,1402
10923449,Nortbound,SHERBOURNE ST N/B N OF WELLESLEY ST E,Cyclists,2015-06-28,211
10923449,Nortbound,SHERBOURNE ST N/B N OF WELLESLEY ST E,Cyclists,2015-06-27,355
10923449,Nortbound,SHERBOURNE ST N/B N OF WELLESLEY ST E,Cyclists,2015-06-26,1549
10923449,Nortbound,SHERBOURNE ST N/B N OF WELLESLEY ST E,Cyclists,2015-06-25,1463
10923449,Nortbound,SHERBOURNE ST N/B N OF WELLESLEY ST E,Cyclists,2015-06-24,1806
10923449,Nortbound,SHERBOURNE ST N/B N OF WELLESLEY ST E,Cyclists,2015-06-23,1516
10923449,Nortbound,SHERBOURNE ST N/B N OF WELLESLEY ST E,Cyclists,2015-06-22,1537
10923449,Nortbound,SHERBOURNE ST N/B N OF WELLESLEY ST E,Cyclists,2015-06-21,878
10923449,Nortbound,SHERBOURNE ST N/B N OF WELLESLEY ST E,Cyclists,2015-06-20,1170
10923449,Nortbound,SHERBOURNE ST N/B N OF WELLESLEY ST E,Cyclists,2015-06-19,1489
10923449,Nortbound,SHERBOURNE ST N/B N OF WELLESLEY ST E,Cyclists,2015-06-18,1470
10923449,Nortbound,SHERBOURNE ST N/B N OF WELLESLEY ST E,Cyclists,2015-06-17,1677
10923449,Nortbound,SHERBOURNE ST N/B N OF WELLESLEY ST E,Cyclists,2015-06-16,1295
10923449,Nortbound,SHERBOURNE ST N/B N OF WELLESLEY ST E,Cyclists,2015-06-15,1285
10923449,Nortbound,SHERBOURNE ST N/B N OF WELLESLEY ST E,Cyclists,2015-06-14,460
10923449,Nortbound,SHERBOURNE ST N/B N OF WELLESLEY ST E,Cyclists,2015-06-13,952
10923449,Nortbound,SHERBOURNE ST N/B N OF WELLESLEY ST E,Cyclists,2015-06-12,711
10923449,Nortbound,SHERBOURNE ST N/B N OF WELLESLEY ST E,Cyclists,2015-06-11,1642
10923449,Nortbound,SHERBOURNE ST N/B N OF WELLESLEY ST E,Cyclists,2015-06-10,1255
10923449,Nortbound,SHERBOURNE ST N/B N OF WELLESLEY ST E,Cyclists,2015-06-09,1224
10923449,Nortbound,SHERBOURNE ST N/B N OF WELLESLEY ST E,Cyclists,2015-06-08,694
10923449,Nortbound,SHERBOURNE ST N/B N OF WELLESLEY ST E,Cyclists,2015-06-07,998
10923449,Nortbound,SHERBOURNE ST N/B N OF WELLESLEY ST E,Cyclists,2015-06-06,1029
10923449,Nortbound,SHERBOURNE ST N/B N OF WELLESLEY ST E,Cyclists,2015-06-05,1084
10923449,Nortbound,SHERBOURNE ST N/B N OF WELLESLEY ST E,Cyclists,2015-06-04,1658
10923449,Nortbound,SHERBOURNE ST N/B N OF WELLESLEY ST E,Cyclists,2015-06-03,1715
10923449,Nortbound,SHERBOURNE ST N/B N OF WELLESLEY ST E,Cyclists,2015-06-02,1527
10923449,Nortbound,SHERBOURNE ST N/B N OF WELLESLEY ST E,Cyclists,2015-06-01,1156
10923449,Nortbound,SHERBOURNE ST N/B N OF WELLESLEY ST E,Cyclists,2015-05-31,253
10923449,Nortbound,SHERBOURNE ST N/B N OF WELLESLEY ST E,Cyclists,2015-05-30,668
10923449,Nortbound,SHERBOURNE ST N/B N OF WELLESLEY ST E,Cyclists,2015-05-29,1508
10923449,Nortbound,SHERBOURNE ST N/B N OF WELLESLEY ST E,Cyclists,2015-05-28,1604
10923449,Nortbound,SHERBOURNE ST N/B N OF WELLESLEY ST E,Cyclists,2015-05-27,1433
10923449,Nortbound,SHERBOURNE ST N/B N OF WELLESLEY ST E,Cyclists,2015-05-26,1556
10923449,Nortbound,SHERBOURNE ST N/B N OF WELLESLEY ST E,Cyclists,2015-05-25,1395
10923449,Nortbound,SHERBOURNE ST N/B N OF WELLESLEY ST E,Cyclists,2015-05-24,1047
10923449,Nortbound,SHERBOURNE ST N/B N OF WELLESLEY ST E,Cyclists,2015-05-23,929
10923449,Nortbound,SHERBOURNE ST N/B N OF WELLESLEY ST E,Cyclists,2015-05-22,1319
10923449,Nortbound,SHERBOURNE ST N/B N OF WELLESLEY ST E,Cyclists,2015-05-21,1476
10923449,Nortbound,SHERBOURNE ST N/B N OF WELLESLEY ST E,Cyclists,2015-05-20,1331
10923449,Nortbound,SHERBOURNE ST N/B N OF WELLESLEY ST E,Cyclists,2015-05-19,1425
10923449,Nortbound,SHERBOURNE ST N/B N OF WELLESLEY ST E,Cyclists,2015-05-18,855
10923449,Nortbound,SHERBOURNE ST N/B N OF WELLESLEY ST E,Cyclists,2015-05-17,924
10923449,Nortbound,SHERBOURNE ST N/B N OF WELLESLEY ST E,Cyclists,2015-05-16,791
10923449,Nortbound,SHERBOURNE ST N/B N OF WELLESLEY ST E,Cyclists,2015-05-15,917
10923449,Nortbound,SHERBOURNE ST N/B N OF WELLESLEY ST E,Cyclists,2015-05-14,1427
10923449,Nortbound,SHERBOURNE ST N/B N OF WELLESLEY ST E,Cyclists,2015-05-13,1296
10923449,Nortbound,SHERBOURNE ST N/B N OF WELLESLEY ST E,Cyclists,2015-05-12,1269
10923449,Nortbound,SHERBOURNE ST N/B N OF WELLESLEY ST E,Cyclists,2015-05-11,1157
10923449,Nortbound,SHERBOURNE ST N/B N OF WELLESLEY ST E,Cyclists,2015-05-10,647
10923449,Nortbound,SHERBOURNE ST N/B N OF WELLESLEY ST E,Cyclists,2015-05-09,886
10923449,Nortbound,SHERBOURNE ST N/B N OF WELLESLEY ST E,Cyclists,2015-05-08,1509
10923449,Nortbound,SHERBOURNE ST N/B N OF WELLESLEY ST E,Cyclists,2015-05-07,1460
10923449,Nortbound,SHERBOURNE ST N/B N OF WELLESLEY ST E,Cyclists,2015-05-06,1521
10923449,Nortbound,SHERBOURNE ST N/B N OF WELLESLEY ST E,Cyclists,2015-05-05,1401
10923449,Nortbound,SHERBOURNE ST N/B N OF WELLESLEY ST E,Cyclists,2015-05-04,1128
10923449,Nortbound,SHERBOURNE ST N/B N OF WELLESLEY ST E,Cyclists,2015-05-03,944
10923449,Nortbound,SHERBOURNE ST N/B N OF WELLESLEY ST E,Cyclists,2015-05-02,919
10923449,Nortbound,SHERBOURNE ST N/B N OF WELLESLEY ST E,Cyclists,2015-05-01,1195
10923449,Nortbound,SHERBOURNE ST N/B N OF WELLESLEY ST E,Cyclists,2015-04-30,1176
10923449,Nortbound,SHERBOURNE ST N/B N OF WELLESLEY ST E,Cyclists,2015-04-29,1255
10923449,Nortbound,SHERBOURNE ST N/B N OF WELLESLEY ST E,Cyclists,2015-04-28,1211
10923449,Nortbound,SHERBOURNE ST N/B N OF WELLESLEY ST E,Cyclists,2015-04-27,873
10923449,Nortbound,SHERBOURNE ST N/B N OF WELLESLEY ST E,Cyclists,2015-04-26,615
10923449,Nortbound,SHERBOURNE ST N/B N OF WELLESLEY ST E,Cyclists,2015-04-25,555
10923449,Nortbound,SHERBOURNE ST N/B N OF WELLESLEY ST E,Cyclists,2015-04-24,715
10923449,Nortbound,SHERBOURNE ST N/B N OF WELLESLEY ST E,Cyclists,2015-04-23,685
10923449,Nortbound,SHERBOURNE ST N/B N OF WELLESLEY ST E,Cyclists,2015-04-22,624
10923449,Nortbound,SHERBOURNE ST N/B N OF WELLESLEY ST E,Cyclists,2015-04-21,732
10923449,Nortbound,SHERBOURNE ST N/B N OF WELLESLEY ST E,Cyclists,2015-04-20,374
10923449,Nortbound,SHERBOURNE ST N/B N OF WELLESLEY ST E,Cyclists,2015-04-19,585
10923449,Nortbound,SHERBOURNE ST N/B N OF WELLESLEY ST E,Cyclists,2015-04-18,838
10923449,Nortbound,SHERBOURNE ST N/B N OF WELLESLEY ST E,Cyclists,2015-04-17,1030
10923449,Nortbound,SHERBOURNE ST N/B N OF WELLESLEY ST E,Cyclists,2015-04-16,1045
10923449,Nortbound,SHERBOURNE ST N/B N OF WELLESLEY ST E,Cyclists,2015-04-15,1155
10923449,Nortbound,SHERBOURNE ST N/B N OF WELLESLEY ST E,Cyclists,2015-04-14,1163
10923449,Nortbound,SHERBOURNE ST N/B N OF WELLESLEY ST E,Cyclists,2015-04-13,881
10923449,Nortbound,SHERBOURNE ST N/B N OF WELLESLEY ST E,Cyclists,2015-04-12,675
10923449,Nortbound,SHERBOURNE ST N/B N OF WELLESLEY ST E,Cyclists,2015-04-11,389
10923449,Nortbound,SHERBOURNE ST N/B N OF WELLESLEY ST E,Cyclists,2015-04-10,528
10923449,Nortbound,SHERBOURNE ST N/B N OF WELLESLEY ST E,Cyclists,2015-04-09,418
10923449,Nortbound,SHERBOURNE ST N/B N OF WELLESLEY ST E,Cyclists,2015-04-08,479
10923449,Nortbound,SHERBOURNE ST N/B N OF WELLESLEY ST E,Cyclists,2015-04-07,771
10923449,Nortbound,SHERBOURNE ST N/B N OF WELLESLEY ST E,Cyclists,2015-04-06,558
10923449,Nortbound,SHERBOURNE ST N/B N OF WELLESLEY ST E,Cyclists,2015-04-05,222
10923449,Nortbound,SHERBOURNE ST N/B N OF WELLESLEY ST E,Cyclists,2015-04-04,318
10923449,Nortbound,SHERBOURNE ST N/B N OF WELLESLEY ST E,Cyclists,2015-04-03,365
10923449,Nortbound,SHERBOURNE ST N/B N OF WELLESLEY ST E,Cyclists,2015-04-02,713
10923449,Nortbound,SHERBOURNE ST N/B N OF WELLESLEY ST E,Cyclists,2015-04-01,749
10923449,Nortbound,SHERBOURNE ST N/B N OF WELLESLEY ST E,Cyclists,2015-03-31,660
10923449,Nortbound,SHERBOURNE ST N/B N OF WELLESLEY ST E,Cyclists,2015-03-30,523
10923449,Nortbound,SHERBOURNE ST N/B N OF WELLESLEY ST E,Cyclists,2015-03-29,390
10923449,Nortbound,SHERBOURNE ST N/B N OF WELLESLEY ST E,Cyclists,2015-03-28,283
10923449,Nortbound,SHERBOURNE ST N/B N OF WELLESLEY ST E,Cyclists,2015-03-27,447
10923449,Nortbound,SHERBOURNE ST N/B N OF WELLESLEY ST E,Cyclists,2015-03-26,522
10923449,Nortbound,SHERBOURNE ST N/B N OF WELLESLEY ST E,Cyclists,2015-03-25,389
10923449,Nortbound,SHERBOURNE ST N/B N OF WELLESLEY ST E,Cyclists,2015-03-24,578
10923449,Nortbound,SHERBOURNE ST N/B N OF WELLESLEY ST E,Cyclists,2015-03-23,647
10923449,Nortbound,SHERBOURNE ST N/B N OF WELLESLEY ST E,Cyclists,2015-03-22,451
10923449,Nortbound,SHERBOURNE ST N/B N OF WELLESLEY ST E,Cyclists,2015-03-21,338
10923449,Nortbound,SHERBOURNE ST N/B N OF WELLESLEY ST E,Cyclists,2015-03-20,645
10923449,Nortbound,SHERBOURNE ST N/B N OF WELLESLEY ST E,Cyclists,2015-03-19,830
10923449,Nortbound,SHERBOURNE ST N/B N OF WELLESLEY ST E,Cyclists,2015-03-18,686
10923449,Nortbound,SHERBOURNE ST N/B N OF WELLESLEY ST E,Cyclists,2015-03-17,606
10923449,Nortbound,SHERBOURNE ST N/B N OF WELLESLEY ST E,Cyclists,2015-03-16,959
10923449,Nortbound,SHERBOURNE ST N/B N OF WELLESLEY ST E,Cyclists,2015-03-15,1324
10923449,Nortbound,SHERBOURNE ST N/B N OF WELLESLEY ST E,Cyclists,2015-03-14,496
10923449,Nortbound,SHERBOURNE ST N/B N OF WELLESLEY ST E,Cyclists,2015-03-13,937
10923449,Nortbound,SHERBOURNE ST N/B N OF WELLESLEY ST E,Cyclists,2015-03-12,998
10923449,Nortbound,SHERBOURNE ST N/B N OF WELLESLEY ST E,Cyclists,2015-03-11,1107
10923449,Nortbound,SHERBOURNE ST N/B N OF WELLESLEY ST E,Cyclists,2015-03-10,680
10923449,Nortbound,SHERBOURNE ST N/B N OF WELLESLEY ST E,Cyclists,2015-03-09,663
10923449,Nortbound,SHERBOURNE ST N/B N OF WELLESLEY ST E,Cyclists,2015-03-07,469
10923449,Nortbound,SHERBOURNE ST N/B N OF WELLESLEY ST E,Cyclists,2015-03-06,916
10923449,Nortbound,SHERBOURNE ST N/B N OF WELLESLEY ST E,Cyclists,2015-03-05,1048
10923449,Nortbound,SHERBOURNE ST N/B N OF WELLESLEY ST E,Cyclists,2015-03-04,398
10923449,Nortbound,SHERBOURNE ST N/B N OF WELLESLEY ST E,Cyclists,2015-03-03,182
10923449,Nortbound,SHERBOURNE ST N/B N OF WELLESLEY ST E,Cyclists,2015-03-02,321
10923449,Nortbound,SHERBOURNE ST N/B N OF WELLESLEY ST E,Cyclists,2015-03-01,196
10923449,Nortbound,SHERBOURNE ST N/B N OF WELLESLEY ST E,Cyclists,2015-02-28,295
10923449,Nortbound,SHERBOURNE ST N/B N OF WELLESLEY ST E,Cyclists,2015-02-27,384
10923449,Nortbound,SHERBOURNE ST N/B N OF WELLESLEY ST E,Cyclists,2015-02-26,669
10923449,Nortbound,SHERBOURNE ST N/B N OF WELLESLEY ST E,Cyclists,2015-02-25,238
10923449,Nortbound,SHERBOURNE ST N/B N OF WELLESLEY ST E,Cyclists,2015-02-24,248
10923449,Nortbound,SHERBOURNE ST N/B N OF WELLESLEY ST E,Cyclists,2015-02-23,216
10923449,Nortbound,SHERBOURNE ST N/B N OF WELLESLEY ST E,Cyclists,2015-02-22,236
10923449,Nortbound,SHERBOURNE ST N/B N OF WELLESLEY ST E,Cyclists,2015-02-21,174
10923449,Nortbound,SHERBOURNE ST N/B N OF WELLESLEY ST E,Cyclists,2015-02-20,532
10923449,Nortbound,SHERBOURNE ST N/B N OF WELLESLEY ST E,Cyclists,2015-02-19,386
10923449,Nortbound,SHERBOURNE ST N/B N OF WELLESLEY ST E,Cyclists,2015-02-18,215
10923449,Nortbound,SHERBOURNE ST N/B N OF WELLESLEY ST E,Cyclists,2015-02-17,383
10923449,Nortbound,SHERBOURNE ST N/B N OF WELLESLEY ST E,Cyclists,2015-02-16,1030
10923449,Nortbound,SHERBOURNE ST N/B N OF WELLESLEY ST E,Cyclists,2015-02-15,885
10923449,Nortbound,SHERBOURNE ST N/B N OF WELLESLEY ST E,Cyclists,2015-02-14,428
10923449,Nortbound,SHERBOURNE ST N/B N OF WELLESLEY ST E,Cyclists,2015-02-13,410
10923449,Nortbound,SHERBOURNE ST N/B N OF WELLESLEY ST E,Cyclists,2015-02-12,445
10923449,Nortbound,SHERBOURNE ST N/B N OF WELLESLEY ST E,Cyclists,2015-02-11,575
10923449,Nortbound,SHERBOURNE ST N/B N OF WELLESLEY ST E,Cyclists,2015-02-10,524
10923449,Nortbound,SHERBOURNE ST N/B N OF WELLESLEY ST E,Cyclists,2015-02-09,655
10923449,Nortbound,SHERBOURNE ST N/B N OF WELLESLEY ST E,Cyclists,2015-02-08,761
10923449,Nortbound,SHERBOURNE ST N/B N OF WELLESLEY ST E,Cyclists,2015-02-07,843
10923449,Nortbound,SHERBOURNE ST N/B N OF WELLESLEY ST E,Cyclists,2015-02-06,489
10923449,Nortbound,SHERBOURNE ST N/B N OF WELLESLEY ST E,Cyclists,2015-02-05,422
10923449,Nortbound,SHERBOURNE ST N/B N OF WELLESLEY ST E,Cyclists,2015-02-04,444
10923449,Nortbound,SHERBOURNE ST N/B N OF WELLESLEY ST E,Cyclists,2015-02-03,354
10923449,Nortbound,SHERBOURNE ST N/B N OF WELLESLEY ST E,Cyclists,2015-02-02,431
10923449,Nortbound,SHERBOURNE ST N/B N OF WELLESLEY ST E,Cyclists,2015-02-01,323
10923449,Nortbound,SHERBOURNE ST N/B N OF WELLESLEY ST E,Cyclists,2015-01-31,256
10923449,Nortbound,SHERBOURNE ST N/B N OF WELLESLEY ST E,Cyclists,2015-01-30,313
10923449,Nortbound,SHERBOURNE ST N/B N OF WELLESLEY ST E,Cyclists,2015-01-29,612
10923449,Nortbound,SHERBOURNE ST N/B N OF WELLESLEY ST E,Cyclists,2015-01-28,1009
10923449,Nortbound,SHERBOURNE ST N/B N OF WELLESLEY ST E,Cyclists,2015-01-27,856
10923449,Nortbound,SHERBOURNE ST N/B N OF WELLESLEY ST E,Cyclists,2015-01-26,920
10923449,Nortbound,SHERBOURNE ST N/B N OF WELLESLEY ST E,Cyclists,2015-01-25,663
10923449,Nortbound,SHERBOURNE ST N/B N OF WELLESLEY ST E,Cyclists,2015-01-24,1184
10923449,Nortbound,SHERBOURNE ST N/B N OF WELLESLEY ST E,Cyclists,2015-01-23,753
10923449,Nortbound,SHERBOURNE ST N/B N OF WELLESLEY ST E,Cyclists,2015-01-22,943
10923449,Nortbound,SHERBOURNE ST N/B N OF WELLESLEY ST E,Cyclists,2015-01-21,871
10923449,Nortbound,SHERBOURNE ST N/B N OF WELLESLEY ST E,Cyclists,2015-01-20,546
10923449,Nortbound,SHERBOURNE ST N/B N OF WELLESLEY ST E,Cyclists,2015-01-19,692
10923449,Nortbound,SHERBOURNE ST N/B N OF WELLESLEY ST E,Cyclists,2015-01-18,345
10923449,Nortbound,SHERBOURNE ST N/B N OF WELLESLEY ST E,Cyclists,2015-01-17,696
10923449,Nortbound,SHERBOURNE ST N/B N OF WELLESLEY ST E,Cyclists,2015-01-16,508
10923449,Nortbound,SHERBOURNE ST N/B N OF WELLESLEY ST E,Cyclists,2015-01-15,509
10923449,Nortbound,SHERBOURNE ST N/B N OF WELLESLEY ST E,Cyclists,2015-01-14,647
10923449,Nortbound,SHERBOURNE ST N/B N OF WELLESLEY ST E,Cyclists,2015-01-13,581
10923449,Nortbound,SHERBOURNE ST N/B N OF WELLESLEY ST E,Cyclists,2015-01-12,637
10923449,Nortbound,SHERBOURNE ST N/B N OF WELLESLEY ST E,Cyclists,2015-01-11,717
10923449,Nortbound,SHERBOURNE ST N/B N OF WELLESLEY ST E,Cyclists,2015-01-10,540
10923449,Nortbound,SHERBOURNE ST N/B N OF WELLESLEY ST E,Cyclists,2015-01-09,676
10923449,Nortbound,SHERBOURNE ST N/B N OF WELLESLEY ST E,Cyclists,2015-01-08,443
10923449,Nortbound,SHERBOURNE ST N/B N OF WELLESLEY ST E,Cyclists,2015-01-07,419
10923449,Nortbound,SHERBOURNE ST N/B N OF WELLESLEY ST E,Cyclists,2015-01-06,343
10923449,Nortbound,SHERBOURNE ST N/B N OF WELLESLEY ST E,Cyclists,2015-01-05,367
10923449,Nortbound,SHERBOURNE ST N/B N OF WELLESLEY ST E,Cyclists,2015-01-04,337
10923449,Nortbound,SHERBOURNE ST N/B N OF WELLESLEY ST E,Cyclists,2015-01-03,431
10923449,Nortbound,SHERBOURNE ST N/B N OF WELLESLEY ST E,Cyclists,2015-01-02,237
10923449,Nortbound,SHERBOURNE ST N/B N OF WELLESLEY ST E,Cyclists,2015-01-01,87
10923449,Nortbound,SHERBOURNE ST N/B N OF WELLESLEY ST E,Cyclists,2014-12-31,142
10923449,Nortbound,SHERBOURNE ST N/B N OF WELLESLEY ST E,Cyclists,2014-12-30,256
10923449,Nortbound,SHERBOURNE ST N/B N OF WELLESLEY ST E,Cyclists,2014-12-29,222
10923449,Nortbound,SHERBOURNE ST N/B N OF WELLESLEY ST E,Cyclists,2014-12-28,169
10923449,Nortbound,SHERBOURNE ST N/B N OF WELLESLEY ST E,Cyclists,2014-12-27,169
10923449,Nortbound,SHERBOURNE ST N/B N OF WELLESLEY ST E,Cyclists,2014-12-26,158
10923449,Nortbound,SHERBOURNE ST N/B N OF WELLESLEY ST E,Cyclists,2014-12-25,73
10923449,Nortbound,SHERBOURNE ST N/B N OF WELLESLEY ST E,Cyclists,2014-12-24,167
10923449,Nortbound,SHERBOURNE ST N/B N OF WELLESLEY ST E,Cyclists,2014-12-23,277
10923449,Nortbound,SHERBOURNE ST N/B N OF WELLESLEY ST E,Cyclists,2014-12-22,326
10923449,Nortbound,SHERBOURNE ST N/B N OF WELLESLEY ST E,Cyclists,2014-12-21,179
10923449,Nortbound,SHERBOURNE ST N/B N OF WELLESLEY ST E,Cyclists,2014-12-20,200
10923449,Nortbound,SHERBOURNE ST N/B N OF WELLESLEY ST E,Cyclists,2014-12-19,336
10923449,Nortbound,SHERBOURNE ST N/B N OF WELLESLEY ST E,Cyclists,2014-12-18,400
10923449,Nortbound,SHERBOURNE ST N/B N OF WELLESLEY ST E,Cyclists,2014-12-17,341
10923449,Nortbound,SHERBOURNE ST N/B N OF WELLESLEY ST E,Cyclists,2014-12-16,351
10923449,Nortbound,SHERBOURNE ST N/B N OF WELLESLEY ST E,Cyclists,2014-12-15,443
10923449,Nortbound,SHERBOURNE ST N/B N OF WELLESLEY ST E,Cyclists,2014-12-14,394
10923449,Nortbound,SHERBOURNE ST N/B N OF WELLESLEY ST E,Cyclists,2014-12-13,176
10923449,Nortbound,SHERBOURNE ST N/B N OF WELLESLEY ST E,Cyclists,2014-12-12,200
10923449,Nortbound,SHERBOURNE ST N/B N OF WELLESLEY ST E,Cyclists,2014-12-11,291
10923449,Nortbound,SHERBOURNE ST N/B N OF WELLESLEY ST E,Cyclists,2014-12-10,441
10923449,Nortbound,SHERBOURNE ST N/B N OF WELLESLEY ST E,Cyclists,2014-12-09,573
10923449,Nortbound,SHERBOURNE ST N/B N OF WELLESLEY ST E,Cyclists,2014-12-08,475
10923449,Nortbound,SHERBOURNE ST N/B N OF WELLESLEY ST E,Cyclists,2014-12-07,216
10923449,Nortbound,SHERBOURNE ST N/B N OF WELLESLEY ST E,Cyclists,2014-12-06,267
10923449,Nortbound,SHERBOURNE ST N/B N OF WELLESLEY ST E,Cyclists,2014-12-05,459
10923449,Nortbound,SHERBOURNE ST N/B N OF WELLESLEY ST E,Cyclists,2014-12-04,474
10923449,Nortbound,SHERBOURNE ST N/B N OF WELLESLEY ST E,Cyclists,2014-12-03,595
10923449,Nortbound,SHERBOURNE ST N/B N OF WELLESLEY ST E,Cyclists,2014-12-02,494
10923449,Nortbound,SHERBOURNE ST N/B N OF WELLESLEY ST E,Cyclists,2014-12-01,557
10923449,Nortbound,SHERBOURNE ST N/B N OF WELLESLEY ST E,Cyclists,2014-11-30,330
10923449,Nortbound,SHERBOURNE ST N/B N OF WELLESLEY ST E,Cyclists,2014-11-29,235
10923449,Nortbound,SHERBOURNE ST N/B N OF WELLESLEY ST E,Cyclists,2014-11-28,477
10923449,Nortbound,SHERBOURNE ST N/B N OF WELLESLEY ST E,Cyclists,2014-11-27,516
10923449,Nortbound,SHERBOURNE ST N/B N OF WELLESLEY ST E,Cyclists,2014-11-26,568
10923449,Nortbound,SHERBOURNE ST N/B N OF WELLESLEY ST E,Cyclists,2014-11-25,533
10923449,Nortbound,SHERBOURNE ST N/B N OF WELLESLEY ST E,Cyclists,2014-11-24,557
10923449,Nortbound,SHERBOURNE ST N/B N OF WELLESLEY ST E,Cyclists,2014-11-23,265
10923449,Nortbound,SHERBOURNE ST N/B N OF WELLESLEY ST E,Cyclists,2014-11-22,191
10923449,Nortbound,SHERBOURNE ST N/B N OF WELLESLEY ST E,Cyclists,2014-11-21,414
10923449,Nortbound,SHERBOURNE ST N/B N OF WELLESLEY ST E,Cyclists,2014-11-20,364
10923449,Nortbound,SHERBOURNE ST N/B N OF WELLESLEY ST E,Cyclists,2014-11-19,357
10923449,Nortbound,SHERBOURNE ST N/B N OF WELLESLEY ST E,Cyclists,2014-11-18,356
10923449,Nortbound,SHERBOURNE ST N/B N OF WELLESLEY ST E,Cyclists,2014-11-17,450
10923449,Nortbound,SHERBOURNE ST N/B N OF WELLESLEY ST E,Cyclists,2014-11-16,244
10923449,Nortbound,SHERBOURNE ST N/B N OF WELLESLEY ST E,Cyclists,2014-11-15,335
10923449,Nortbound,SHERBOURNE ST N/B N OF WELLESLEY ST E,Cyclists,2014-11-14,668
10923449,Nortbound,SHERBOURNE ST N/B N OF WELLESLEY ST E,Cyclists,2014-11-13,719
10923449,Nortbound,SHERBOURNE ST N/B N OF WELLESLEY ST E,Cyclists,2014-11-12,802
10923449,Nortbound,SHERBOURNE ST N/B N OF WELLESLEY ST E,Cyclists,2014-11-11,929
10923449,Nortbound,SHERBOURNE ST N/B N OF WELLESLEY ST E,Cyclists,2014-11-10,771
10923449,Nortbound,SHERBOURNE ST N/B N OF WELLESLEY ST E,Cyclists,2014-11-09,388
10923449,Nortbound,SHERBOURNE ST N/B N OF WELLESLEY ST E,Cyclists,2014-11-08,306
10923449,Nortbound,SHERBOURNE ST N/B N OF WELLESLEY ST E,Cyclists,2014-11-07,780
10923449,Nortbound,SHERBOURNE ST N/B N OF WELLESLEY ST E,Cyclists,2014-11-06,814
10923449,Nortbound,SHERBOURNE ST N/B N OF WELLESLEY ST E,Cyclists,2014-11-05,996
10923449,Nortbound,SHERBOURNE ST N/B N OF WELLESLEY ST E,Cyclists,2014-11-04,869
10923449,Nortbound,SHERBOURNE ST N/B N OF WELLESLEY ST E,Cyclists,2014-11-03,945
10923449,Nortbound,SHERBOURNE ST N/B N OF WELLESLEY ST E,Cyclists,2014-11-02,425
10923449,Nortbound,SHERBOURNE ST N/B N OF WELLESLEY ST E,Cyclists,2014-11-01,317
10923449,Nortbound,SHERBOURNE ST N/B N OF WELLESLEY ST E,Cyclists,2014-10-31,504
10923449,Nortbound,SHERBOURNE ST N/B N OF WELLESLEY ST E,Cyclists,2014-10-30,980
10923449,Nortbound,SHERBOURNE ST N/B N OF WELLESLEY ST E,Cyclists,2014-10-29,1027
10923449,Nortbound,SHERBOURNE ST N/B N OF WELLESLEY ST E,Cyclists,2014-10-28,886
10923449,Nortbound,SHERBOURNE ST N/B N OF WELLESLEY ST E,Cyclists,2014-10-27,1099
10923449,Nortbound,SHERBOURNE ST N/B N OF WELLESLEY ST E,Cyclists,2014-10-26,543
10923449,Nortbound,SHERBOURNE ST N/B N OF WELLESLEY ST E,Cyclists,2014-10-25,561
10923449,Nortbound,SHERBOURNE ST N/B N OF WELLESLEY ST E,Cyclists,2014-10-24,1052
10923449,Nortbound,SHERBOURNE ST N/B N OF WELLESLEY ST E,Cyclists,2014-10-23,1095
10923449,Nortbound,SHERBOURNE ST N/B N OF WELLESLEY ST E,Cyclists,2014-10-22,1048
10923449,Nortbound,SHERBOURNE ST N/B N OF WELLESLEY ST E,Cyclists,2014-10-21,769
10923449,Nortbound,SHERBOURNE ST N/B N OF WELLESLEY ST E,Cyclists,2014-10-20,694
10923449,Nortbound,SHERBOURNE ST N/B N OF WELLESLEY ST E,Cyclists,2014-10-19,613
10923449,Nortbound,SHERBOURNE ST N/B N OF WELLESLEY ST E,Cyclists,2014-10-18,543
10923449,Nortbound,SHERBOURNE ST N/B N OF WELLESLEY ST E,Cyclists,2014-10-17,876
10923449,Nortbound,SHERBOURNE ST N/B N OF WELLESLEY ST E,Cyclists,2014-10-16,943
10923449,Nortbound,SHERBOURNE ST N/B N OF WELLESLEY ST E,Cyclists,2014-10-15,985
10923449,Nortbound,SHERBOURNE ST N/B N OF WELLESLEY ST E,Cyclists,2014-10-14,1159
10923449,Nortbound,SHERBOURNE ST N/B N OF WELLESLEY ST E,Cyclists,2014-10-13,346
10923449,Nortbound,SHERBOURNE ST N/B N OF WELLESLEY ST E,Cyclists,2014-10-12,402
10923449,Nortbound,SHERBOURNE ST N/B N OF WELLESLEY ST E,Cyclists,2014-10-11,503
10923449,Nortbound,SHERBOURNE ST N/B N OF WELLESLEY ST E,Cyclists,2014-10-10,986
10923449,Nortbound,SHERBOURNE ST N/B N OF WELLESLEY ST E,Cyclists,2014-10-09,1122
10923449,Nortbound,SHERBOURNE ST N/B N OF WELLESLEY ST E,Cyclists,2014-10-08,1127
10923449,Nortbound,SHERBOURNE ST N/B N OF WELLESLEY ST E,Cyclists,2014-10-07,953
10923449,Nortbound,SHERBOURNE ST N/B N OF WELLESLEY ST E,Cyclists,2014-10-06,971
10923449,Nortbound,SHERBOURNE ST N/B N OF WELLESLEY ST E,Cyclists,2014-10-05,643
10923449,Nortbound,SHERBOURNE ST N/B N OF WELLESLEY ST E,Cyclists,2014-10-04,567
10923449,Nortbound,SHERBOURNE ST N/B N OF WELLESLEY ST E,Cyclists,2014-10-03,875
10923449,Nortbound,SHERBOURNE ST N/B N OF WELLESLEY ST E,Cyclists,2014-10-02,1386
10923449,Nortbound,SHERBOURNE ST N/B N OF WELLESLEY ST E,Cyclists,2014-10-01,1277
10923449,Nortbound,SHERBOURNE ST N/B N OF WELLESLEY ST E,Cyclists,2014-09-30,1192
10923449,Nortbound,SHERBOURNE ST N/B N OF WELLESLEY ST E,Cyclists,2014-09-29,1419
10923449,Nortbound,SHERBOURNE ST N/B N OF WELLESLEY ST E,Cyclists,2014-09-28,885
10923449,Nortbound,SHERBOURNE ST N/B N OF WELLESLEY ST E,Cyclists,2014-09-27,1013
10923449,Nortbound,SHERBOURNE ST N/B N OF WELLESLEY ST E,Cyclists,2014-09-26,1381
10923449,Nortbound,SHERBOURNE ST N/B N OF WELLESLEY ST E,Cyclists,2014-09-25,1479
10923449,Nortbound,SHERBOURNE ST N/B N OF WELLESLEY ST E,Cyclists,2014-09-24,1500
10923449,Nortbound,SHERBOURNE ST N/B N OF WELLESLEY ST E,Cyclists,2014-09-23,1452
10923449,Nortbound,SHERBOURNE ST N/B N OF WELLESLEY ST E,Cyclists,2014-09-22,1279
10923449,Nortbound,SHERBOURNE ST N/B N OF WELLESLEY ST E,Cyclists,2014-09-21,578
10923449,Nortbound,SHERBOURNE ST N/B N OF WELLESLEY ST E,Cyclists,2014-09-20,817
10923449,Nortbound,SHERBOURNE ST N/B N OF WELLESLEY ST E,Cyclists,2014-09-19,1187
10923449,Nortbound,SHERBOURNE ST N/B N OF WELLESLEY ST E,Cyclists,2014-09-18,1427
10923449,Nortbound,SHERBOURNE ST N/B N OF WELLESLEY ST E,Cyclists,2014-09-17,1503
10923449,Nortbound,SHERBOURNE ST N/B N OF WELLESLEY ST E,Cyclists,2014-09-16,1580
10923449,Nortbound,SHERBOURNE ST N/B N OF WELLESLEY ST E,Cyclists,2014-09-15,1186
10923449,Nortbound,SHERBOURNE ST N/B N OF WELLESLEY ST E,Cyclists,2014-09-14,795
10923449,Nortbound,SHERBOURNE ST N/B N OF WELLESLEY ST E,Cyclists,2014-09-13,588
10923449,Nortbound,SHERBOURNE ST N/B N OF WELLESLEY ST E,Cyclists,2014-09-12,1265
10923449,Nortbound,SHERBOURNE ST N/B N OF WELLESLEY ST E,Cyclists,2014-09-11,1293
10923449,Nortbound,SHERBOURNE ST N/B N OF WELLESLEY ST E,Cyclists,2014-09-10,1139
10923449,Nortbound,SHERBOURNE ST N/B N OF WELLESLEY ST E,Cyclists,2014-09-09,1505
10923449,Nortbound,SHERBOURNE ST N/B N OF WELLESLEY ST E,Cyclists,2014-09-08,1572
10923449,Nortbound,SHERBOURNE ST N/B N OF WELLESLEY ST E,Cyclists,2014-09-07,1089
10923449,Nortbound,SHERBOURNE ST N/B N OF WELLESLEY ST E,Cyclists,2014-09-06,779
10923449,Nortbound,SHERBOURNE ST N/B N OF WELLESLEY ST E,Cyclists,2014-09-05,1103
10923449,Nortbound,SHERBOURNE ST N/B N OF WELLESLEY ST E,Cyclists,2014-09-04,1546
10923449,Nortbound,SHERBOURNE ST N/B N OF WELLESLEY ST E,Cyclists,2014-09-03,1560
10923449,Nortbound,SHERBOURNE ST N/B N OF WELLESLEY ST E,Cyclists,2014-09-02,1110
10923449,Nortbound,SHERBOURNE ST N/B N OF WELLESLEY ST E,Cyclists,2014-09-01,762
10923449,Nortbound,SHERBOURNE ST N/B N OF WELLESLEY ST E,Cyclists,2014-08-31,708
10923449,Nortbound,SHERBOURNE ST N/B N OF WELLESLEY ST E,Cyclists,2014-08-30,764
10923449,Nortbound,SHERBOURNE ST N/B N OF WELLESLEY ST E,Cyclists,2014-08-29,1162
10923449,Nortbound,SHERBOURNE ST N/B N OF WELLESLEY ST E,Cyclists,2014-08-28,1398
10923449,Nortbound,SHERBOURNE ST N/B N OF WELLESLEY ST E,Cyclists,2014-08-27,1422
10923449,Nortbound,SHERBOURNE ST N/B N OF WELLESLEY ST E,Cyclists,2014-08-26,1301
10923449,Nortbound,SHERBOURNE ST N/B N OF WELLESLEY ST E,Cyclists,2014-08-25,1433
10923449,Nortbound,SHERBOURNE ST N/B N OF WELLESLEY ST E,Cyclists,2014-08-24,939
10923449,Nortbound,SHERBOURNE ST N/B N OF WELLESLEY ST E,Cyclists,2014-08-23,743
10923449,Nortbound,SHERBOURNE ST N/B N OF WELLESLEY ST E,Cyclists,2014-08-22,1223
10923449,Nortbound,SHERBOURNE ST N/B N OF WELLESLEY ST E,Cyclists,2014-08-21,1149
10923449,Nortbound,SHERBOURNE ST N/B N OF WELLESLEY ST E,Cyclists,2014-08-20,936
10923449,Nortbound,SHERBOURNE ST N/B N OF WELLESLEY ST E,Cyclists,2014-08-19,1480
10923449,Nortbound,SHERBOURNE ST N/B N OF WELLESLEY ST E,Cyclists,2014-08-18,1333
10923449,Nortbound,SHERBOURNE ST N/B N OF WELLESLEY ST E,Cyclists,2014-08-17,945
10923449,Nortbound,SHERBOURNE ST N/B N OF WELLESLEY ST E,Cyclists,2014-08-16,622
10923449,Nortbound,SHERBOURNE ST N/B N OF WELLESLEY ST E,Cyclists,2014-08-15,1170
10923449,Nortbound,SHERBOURNE ST N/B N OF WELLESLEY ST E,Cyclists,2014-08-14,1271
10923449,Nortbound,SHERBOURNE ST N/B N OF WELLESLEY ST E,Cyclists,2014-08-13,1417
10923449,Nortbound,SHERBOURNE ST N/B N OF WELLESLEY ST E,Cyclists,2014-08-12,911
10923449,Nortbound,SHERBOURNE ST N/B N OF WELLESLEY ST E,Cyclists,2014-08-11,1338
10923449,Nortbound,SHERBOURNE ST N/B N OF WELLESLEY ST E,Cyclists,2014-08-10,895
10923449,Nortbound,SHERBOURNE ST N/B N OF WELLESLEY ST E,Cyclists,2014-08-09,982
10923449,Nortbound,SHERBOURNE ST N/B N OF WELLESLEY ST E,Cyclists,2014-08-08,1319
10923449,Nortbound,SHERBOURNE ST N/B N OF WELLESLEY ST E,Cyclists,2014-08-07,1473
10923449,Nortbound,SHERBOURNE ST N/B N OF WELLESLEY ST E,Cyclists,2014-08-06,1470
10923449,Nortbound,SHERBOURNE ST N/B N OF WELLESLEY ST E,Cyclists,2014-08-05,1160
10923449,Nortbound,SHERBOURNE ST N/B N OF WELLESLEY ST E,Cyclists,2014-08-04,637
10923449,Nortbound,SHERBOURNE ST N/B N OF WELLESLEY ST E,Cyclists,2014-08-03,724
10923449,Nortbound,SHERBOURNE ST N/B N OF WELLESLEY ST E,Cyclists,2014-08-02,756
10923449,Nortbound,SHERBOURNE ST N/B N OF WELLESLEY ST E,Cyclists,2014-08-01,1191
10923449,Nortbound,SHERBOURNE ST N/B N OF WELLESLEY ST E,Cyclists,2014-07-31,1443
10923449,Nortbound,SHERBOURNE ST N/B N OF WELLESLEY ST E,Cyclists,2014-07-30,1392
10923449,Nortbound,SHERBOURNE ST N/B N OF WELLESLEY ST E,Cyclists,2014-07-29,1386
10923449,Nortbound,SHERBOURNE ST N/B N OF WELLESLEY ST E,Cyclists,2014-07-28,952
10923449,Nortbound,SHERBOURNE ST N/B N OF WELLESLEY ST E,Cyclists,2014-07-27,829
10923449,Nortbound,SHERBOURNE ST N/B N OF WELLESLEY ST E,Cyclists,2014-07-26,770
10923449,Nortbound,SHERBOURNE ST N/B N OF WELLESLEY ST E,Cyclists,2014-07-25,1431
10923449,Nortbound,SHERBOURNE ST N/B N OF WELLESLEY ST E,Cyclists,2014-07-24,1650
10923449,Nortbound,SHERBOURNE ST N/B N OF WELLESLEY ST E,Cyclists,2014-07-23,1382
10923449,Nortbound,SHERBOURNE ST N/B N OF WELLESLEY ST E,Cyclists,2014-07-22,1535
10923449,Nortbound,SHERBOURNE ST N/B N OF WELLESLEY ST E,Cyclists,2014-07-21,1564
10923449,Nortbound,SHERBOURNE ST N/B N OF WELLESLEY ST E,Cyclists,2014-07-20,711
10923449,Nortbound,SHERBOURNE ST N/B N OF WELLESLEY ST E,Cyclists,2014-07-19,608
10923449,Nortbound,SHERBOURNE ST N/B N OF WELLESLEY ST E,Cyclists,2014-07-18,1449
10923449,Nortbound,SHERBOURNE ST N/B N OF WELLESLEY ST E,Cyclists,2014-07-17,1621
10923449,Nortbound,SHERBOURNE ST N/B N OF WELLESLEY ST E,Cyclists,2014-07-16,1487
10923449,Nortbound,SHERBOURNE ST N/B N OF WELLESLEY ST E,Cyclists,2014-07-15,1064
10923449,Nortbound,SHERBOURNE ST N/B N OF WELLESLEY ST E,Cyclists,2014-07-14,1449
10923449,Nortbound,SHERBOURNE ST N/B N OF WELLESLEY ST E,Cyclists,2014-07-13,644
10923449,Nortbound,SHERBOURNE ST N/B N OF WELLESLEY ST E,Cyclists,2014-07-12,1001
10923449,Nortbound,SHERBOURNE ST N/B N OF WELLESLEY ST E,Cyclists,2014-07-11,1444
10923449,Nortbound,SHERBOURNE ST N/B N OF WELLESLEY ST E,Cyclists,2014-07-10,1664
10923449,Nortbound,SHERBOURNE ST N/B N OF WELLESLEY ST E,Cyclists,2014-07-09,1532
10923449,Nortbound,SHERBOURNE ST N/B N OF WELLESLEY ST E,Cyclists,2014-07-08,1172
10923449,Nortbound,SHERBOURNE ST N/B N OF WELLESLEY ST E,Cyclists,2014-07-07,820
10923449,Nortbound,SHERBOURNE ST N/B N OF WELLESLEY ST E,Cyclists,2014-07-06,988
10923449,Nortbound,SHERBOURNE ST N/B N OF WELLESLEY ST E,Cyclists,2014-07-05,977
10923449,Nortbound,SHERBOURNE ST N/B N OF WELLESLEY ST E,Cyclists,2014-07-04,1408
10923449,Nortbound,SHERBOURNE ST N/B N OF WELLESLEY ST E,Cyclists,2014-07-03,1392
10923449,Nortbound,SHERBOURNE ST N/B N OF WELLESLEY ST E,Cyclists,2014-07-02,1293
10923449,Nortbound,SHERBOURNE ST N/B N OF WELLESLEY ST E,Cyclists,2014-07-01,756
10923449,Nortbound,SHERBOURNE ST N/B N OF WELLESLEY ST E,Cyclists,2014-06-30,923
10923449,Nortbound,SHERBOURNE ST N/B N OF WELLESLEY ST E,Cyclists,2014-06-29,881
10923449,Nortbound,SHERBOURNE ST N/B N OF WELLESLEY ST E,Cyclists,2014-06-28,929
10923449,Nortbound,SHERBOURNE ST N/B N OF WELLESLEY ST E,Cyclists,2014-06-27,1413
10923449,Nortbound,SHERBOURNE ST N/B N OF WELLESLEY ST E,Cyclists,2014-06-26,1496
10923449,Nortbound,SHERBOURNE ST N/B N OF WELLESLEY ST E,Cyclists,2014-06-25,1122
10923449,Nortbound,SHERBOURNE ST N/B N OF WELLESLEY ST E,Cyclists,2014-06-24,911
10923449,Nortbound,SHERBOURNE ST N/B N OF WELLESLEY ST E,Cyclists,2014-06-23,1434
10923449,Nortbound,SHERBOURNE ST N/B N OF WELLESLEY ST E,Cyclists,2014-06-22,1088
10923449,Nortbound,SHERBOURNE ST N/B N OF WELLESLEY ST E,Cyclists,2014-06-21,1004
10923449,Nortbound,SHERBOURNE ST N/B N OF WELLESLEY ST E,Cyclists,2014-06-20,1462
10923449,Nortbound,SHERBOURNE ST N/B N OF WELLESLEY ST E,Cyclists,2014-06-19,1552
10923449,Nortbound,SHERBOURNE ST N/B N OF WELLESLEY ST E,Cyclists,2014-06-18,1361
10923449,Nortbound,SHERBOURNE ST N/B N OF WELLESLEY ST E,Cyclists,2014-06-17,1180
10923449,Nortbound,SHERBOURNE ST N/B N OF WELLESLEY ST E,Cyclists,2014-06-16,1243
10923449,Nortbound,SHERBOURNE ST N/B N OF WELLESLEY ST E,Cyclists,2014-06-15,957
10923449,Nortbound,SHERBOURNE ST N/B N OF WELLESLEY ST E,Cyclists,2014-06-14,813
10923449,Nortbound,SHERBOURNE ST N/B N OF WELLESLEY ST E,Cyclists,2014-06-13,1328
10923449,Nortbound,SHERBOURNE ST N/B N OF WELLESLEY ST E,Cyclists,2014-06-12,1249
10923449,Nortbound,SHERBOURNE ST N/B N OF WELLESLEY ST E,Cyclists,2014-06-11,707
10923449,Nortbound,SHERBOURNE ST N/B N OF WELLESLEY ST E,Cyclists,2014-06-10,1557
10923449,Nortbound,SHERBOURNE ST N/B N OF WELLESLEY ST E,Cyclists,2014-06-09,1479
10923449,Nortbound,SHERBOURNE ST N/B N OF WELLESLEY ST E,Cyclists,2014-06-08,794
10923449,Nortbound,SHERBOURNE ST N/B N OF WELLESLEY ST E,Cyclists,2014-06-07,1028
10923449,Nortbound,SHERBOURNE ST N/B N OF WELLESLEY ST E,Cyclists,2014-06-06,1407
10923449,Nortbound,SHERBOURNE ST N/B N OF WELLESLEY ST E,Cyclists,2014-06-05,1513
10923449,Nortbound,SHERBOURNE ST N/B N OF WELLESLEY ST E,Cyclists,2014-06-04,1608
10923449,Nortbound,SHERBOURNE ST N/B N OF WELLESLEY ST E,Cyclists,2014-06-03,1064
10923449,Nortbound,SHERBOURNE ST N/B N OF WELLESLEY ST E,Cyclists,2014-06-02,1349
10923449,Nortbound,SHERBOURNE ST N/B N OF WELLESLEY ST E,Cyclists,2014-06-01,1121
10923449,Nortbound,SHERBOURNE ST N/B N OF WELLESLEY ST E,Cyclists,2014-05-31,1074
10923449,Nortbound,SHERBOURNE ST N/B N OF WELLESLEY ST E,Cyclists,2014-05-30,1355
10923449,Nortbound,SHERBOURNE ST N/B N OF WELLESLEY ST E,Cyclists,2014-05-29,1398
10923449,Nortbound,SHERBOURNE ST N/B N OF WELLESLEY ST E,Cyclists,2014-05-28,1367
10923449,Nortbound,SHERBOURNE ST N/B N OF WELLESLEY ST E,Cyclists,2014-05-27,1258
10923449,Nortbound,SHERBOURNE ST N/B N OF WELLESLEY ST E,Cyclists,2014-05-26,1592
10923449,Nortbound,SHERBOURNE ST N/B N OF WELLESLEY ST E,Cyclists,2014-05-25,1045
10923449,Nortbound,SHERBOURNE ST N/B N OF WELLESLEY ST E,Cyclists,2014-05-24,1042
10923449,Nortbound,SHERBOURNE ST N/B N OF WELLESLEY ST E,Cyclists,2014-05-23,963
10923449,Nortbound,SHERBOURNE ST N/B N OF WELLESLEY ST E,Cyclists,2014-05-22,1431
10923449,Nortbound,SHERBOURNE ST N/B N OF WELLESLEY ST E,Cyclists,2014-05-21,1119
10923449,Nortbound,SHERBOURNE ST N/B N OF WELLESLEY ST E,Cyclists,2014-05-20,1206
10923449,Nortbound,SHERBOURNE ST N/B N OF WELLESLEY ST E,Cyclists,2014-05-19,857
10923449,Nortbound,SHERBOURNE ST N/B N OF WELLESLEY ST E,Cyclists,2014-05-18,548
10923449,Nortbound,SHERBOURNE ST N/B N OF WELLESLEY ST E,Cyclists,2014-05-17,517
10923449,Nortbound,SHERBOURNE ST N/B N OF WELLESLEY ST E,Cyclists,2014-05-16,879
10923449,Nortbound,SHERBOURNE ST N/B N OF WELLESLEY ST E,Cyclists,2014-05-15,618
10923449,Nortbound,SHERBOURNE ST N/B N OF WELLESLEY ST E,Cyclists,2014-05-14,929
10923449,Nortbound,SHERBOURNE ST N/B N OF WELLESLEY ST E,Cyclists,2014-05-13,922
10923449,Nortbound,SHERBOURNE ST N/B N OF WELLESLEY ST E,Cyclists,2014-05-12,1182
10923449,Nortbound,SHERBOURNE ST N/B N OF WELLESLEY ST E,Cyclists,2014-05-11,839
10923449,Nortbound,SHERBOURNE ST N/B N OF WELLESLEY ST E,Cyclists,2014-05-10,909
10923449,Nortbound,SHERBOURNE ST N/B N OF WELLESLEY ST E,Cyclists,2014-05-09,986
10923449,Nortbound,SHERBOURNE ST N/B N OF WELLESLEY ST E,Cyclists,2014-05-08,1058
10923449,Nortbound,SHERBOURNE ST N/B N OF WELLESLEY ST E,Cyclists,2014-05-07,1033
10923449,Nortbound,SHERBOURNE ST N/B N OF WELLESLEY ST E,Cyclists,2014-05-06,1156
10923449,Nortbound,SHERBOURNE ST N/B N OF WELLESLEY ST E,Cyclists,2014-05-05,1112
10923449,Nortbound,SHERBOURNE ST N/B N OF WELLESLEY ST E,Cyclists,2014-05-04,623
10923449,Nortbound,SHERBOURNE ST N/B N OF WELLESLEY ST E,Cyclists,2014-05-03,375
10923449,Nortbound,SHERBOURNE ST N/B N OF WELLESLEY ST E,Cyclists,2014-05-02,811
10923449,Nortbound,SHERBOURNE ST N/B N OF WELLESLEY ST E,Cyclists,2014-05-01,743
10923449,Southbound,SHERBOURNE ST S/B N OF WELLESLEY ST E,Cyclists,2015-09-30,1412
10923449,Southbound,SHERBOURNE ST S/B N OF WELLESLEY ST E,Cyclists,2015-09-29,995
10923449,Southbound,SHERBOURNE ST S/B N OF WELLESLEY ST E,Cyclists,2015-09-28,855
10923449,Southbound,SHERBOURNE ST S/B N OF WELLESLEY ST E,Cyclists,2015-09-27,876
10923449,Southbound,SHERBOURNE ST S/B N OF WELLESLEY ST E,Cyclists,2015-09-26,885
10923449,Southbound,SHERBOURNE ST S/B N OF WELLESLEY ST E,Cyclists,2015-09-25,1548
10923449,Southbound,SHERBOURNE ST S/B N OF WELLESLEY ST E,Cyclists,2015-09-24,1753
10923449,Southbound,SHERBOURNE ST S/B N OF WELLESLEY ST E,Cyclists,2015-09-23,1736
10923449,Southbound,SHERBOURNE ST S/B N OF WELLESLEY ST E,Cyclists,2015-09-22,1686
10923449,Southbound,SHERBOURNE ST S/B N OF WELLESLEY ST E,Cyclists,2015-09-21,1577
10923449,Southbound,SHERBOURNE ST S/B N OF WELLESLEY ST E,Cyclists,2015-09-20,860
10923449,Southbound,SHERBOURNE ST S/B N OF WELLESLEY ST E,Cyclists,2015-09-19,594
10923449,Southbound,SHERBOURNE ST S/B N OF WELLESLEY ST E,Cyclists,2015-09-18,1551
10923449,Southbound,SHERBOURNE ST S/B N OF WELLESLEY ST E,Cyclists,2015-09-17,1852
10923449,Southbound,SHERBOURNE ST S/B N OF WELLESLEY ST E,Cyclists,2015-09-16,1826
10923449,Southbound,SHERBOURNE ST S/B N OF WELLESLEY ST E,Cyclists,2015-09-15,1878
10923449,Southbound,SHERBOURNE ST S/B N OF WELLESLEY ST E,Cyclists,2015-09-14,1624
10923449,Southbound,SHERBOURNE ST S/B N OF WELLESLEY ST E,Cyclists,2015-09-13,459
10923449,Southbound,SHERBOURNE ST S/B N OF WELLESLEY ST E,Cyclists,2015-09-12,471
10923449,Southbound,SHERBOURNE ST S/B N OF WELLESLEY ST E,Cyclists,2015-09-11,1470
10923449,Southbound,SHERBOURNE ST S/B N OF WELLESLEY ST E,Cyclists,2015-09-10,1789
10923449,Southbound,SHERBOURNE ST S/B N OF WELLESLEY ST E,Cyclists,2015-09-09,1306
10923449,Southbound,SHERBOURNE ST S/B N OF WELLESLEY ST E,Cyclists,2015-09-08,1025
10923449,Southbound,SHERBOURNE ST S/B N OF WELLESLEY ST E,Cyclists,2015-09-07,768
10923449,Southbound,SHERBOURNE ST S/B N OF WELLESLEY ST E,Cyclists,2015-09-06,827
10923449,Southbound,SHERBOURNE ST S/B N OF WELLESLEY ST E,Cyclists,2015-09-05,822
10923449,Southbound,SHERBOURNE ST S/B N OF WELLESLEY ST E,Cyclists,2015-09-04,1351
10923449,Southbound,SHERBOURNE ST S/B N OF WELLESLEY ST E,Cyclists,2015-09-03,1529
10923449,Southbound,SHERBOURNE ST S/B N OF WELLESLEY ST E,Cyclists,2015-09-02,1595
10923449,Southbound,SHERBOURNE ST S/B N OF WELLESLEY ST E,Cyclists,2015-09-01,1676
10923449,Southbound,SHERBOURNE ST S/B N OF WELLESLEY ST E,Cyclists,2015-08-31,1527
10923449,Southbound,SHERBOURNE ST S/B N OF WELLESLEY ST E,Cyclists,2015-08-30,857
10923449,Southbound,SHERBOURNE ST S/B N OF WELLESLEY ST E,Cyclists,2015-08-29,808
10923449,Southbound,SHERBOURNE ST S/B N OF WELLESLEY ST E,Cyclists,2015-08-28,1427
10923449,Southbound,SHERBOURNE ST S/B N OF WELLESLEY ST E,Cyclists,2015-08-27,1507
10923449,Southbound,SHERBOURNE ST S/B N OF WELLESLEY ST E,Cyclists,2015-08-26,1420
10923449,Southbound,SHERBOURNE ST S/B N OF WELLESLEY ST E,Cyclists,2015-08-25,1499
10923449,Southbound,SHERBOURNE ST S/B N OF WELLESLEY ST E,Cyclists,2015-08-24,1508
10923449,Southbound,SHERBOURNE ST S/B N OF WELLESLEY ST E,Cyclists,2015-08-23,974
10923449,Southbound,SHERBOURNE ST S/B N OF WELLESLEY ST E,Cyclists,2015-08-22,929
10923449,Southbound,SHERBOURNE ST S/B N OF WELLESLEY ST E,Cyclists,2015-08-21,1449
10923449,Southbound,SHERBOURNE ST S/B N OF WELLESLEY ST E,Cyclists,2015-08-20,996
10923449,Southbound,SHERBOURNE ST S/B N OF WELLESLEY ST E,Cyclists,2015-08-19,1590
10923449,Southbound,SHERBOURNE ST S/B N OF WELLESLEY ST E,Cyclists,2015-08-18,1331
10923449,Southbound,SHERBOURNE ST S/B N OF WELLESLEY ST E,Cyclists,2015-08-17,1478
10923449,Southbound,SHERBOURNE ST S/B N OF WELLESLEY ST E,Cyclists,2015-08-16,859
10923449,Southbound,SHERBOURNE ST S/B N OF WELLESLEY ST E,Cyclists,2015-08-15,886
10923449,Southbound,SHERBOURNE ST S/B N OF WELLESLEY ST E,Cyclists,2015-08-14,844
10923449,Southbound,SHERBOURNE ST S/B N OF WELLESLEY ST E,Cyclists,2015-08-13,1587
10923449,Southbound,SHERBOURNE ST S/B N OF WELLESLEY ST E,Cyclists,2015-08-12,1678
10923449,Southbound,SHERBOURNE ST S/B N OF WELLESLEY ST E,Cyclists,2015-08-11,1376
10923449,Southbound,SHERBOURNE ST S/B N OF WELLESLEY ST E,Cyclists,2015-08-10,1102
10923449,Southbound,SHERBOURNE ST S/B N OF WELLESLEY ST E,Cyclists,2015-08-09,1013
10923449,Southbound,SHERBOURNE ST S/B N OF WELLESLEY ST E,Cyclists,2015-08-08,944
10923449,Southbound,SHERBOURNE ST S/B N OF WELLESLEY ST E,Cyclists,2015-08-07,1484
10923449,Southbound,SHERBOURNE ST S/B N OF WELLESLEY ST E,Cyclists,2015-08-06,1662
10923449,Southbound,SHERBOURNE ST S/B N OF WELLESLEY ST E,Cyclists,2015-08-05,1725
10923449,Southbound,SHERBOURNE ST S/B N OF WELLESLEY ST E,Cyclists,2015-08-04,1353
10923449,Southbound,SHERBOURNE ST S/B N OF WELLESLEY ST E,Cyclists,2015-08-03,802
10923449,Southbound,SHERBOURNE ST S/B N OF WELLESLEY ST E,Cyclists,2015-08-02,799
10923449,Southbound,SHERBOURNE ST S/B N OF WELLESLEY ST E,Cyclists,2015-08-01,865
10923449,Southbound,SHERBOURNE ST S/B N OF WELLESLEY ST E,Cyclists,2015-07-31,1357
10923449,Southbound,SHERBOURNE ST S/B N OF WELLESLEY ST E,Cyclists,2015-07-30,1602
10923449,Southbound,SHERBOURNE ST S/B N OF WELLESLEY ST E,Cyclists,2015-07-29,1612
10923449,Southbound,SHERBOURNE ST S/B N OF WELLESLEY ST E,Cyclists,2015-07-28,1773
10923449,Southbound,SHERBOURNE ST S/B N OF WELLESLEY ST E,Cyclists,2015-07-27,1633
10923449,Southbound,SHERBOURNE ST S/B N OF WELLESLEY ST E,Cyclists,2015-07-26,1038
10923449,Southbound,SHERBOURNE ST S/B N OF WELLESLEY ST E,Cyclists,2015-07-25,1010
10923449,Southbound,SHERBOURNE ST S/B N OF WELLESLEY ST E,Cyclists,2015-07-24,1559
10923449,Southbound,SHERBOURNE ST S/B N OF WELLESLEY ST E,Cyclists,2015-07-23,1824
10923449,Southbound,SHERBOURNE ST S/B N OF WELLESLEY ST E,Cyclists,2015-07-22,1912
10923449,Southbound,SHERBOURNE ST S/B N OF WELLESLEY ST E,Cyclists,2015-07-21,1819
10923449,Southbound,SHERBOURNE ST S/B N OF WELLESLEY ST E,Cyclists,2015-07-20,1711
10923449,Southbound,SHERBOURNE ST S/B N OF WELLESLEY ST E,Cyclists,2015-07-19,905
10923449,Southbound,SHERBOURNE ST S/B N OF WELLESLEY ST E,Cyclists,2015-07-18,1056
10923449,Southbound,SHERBOURNE ST S/B N OF WELLESLEY ST E,Cyclists,2015-07-17,966
10923449,Southbound,SHERBOURNE ST S/B N OF WELLESLEY ST E,Cyclists,2015-07-16,1779
10923449,Southbound,SHERBOURNE ST S/B N OF WELLESLEY ST E,Cyclists,2015-07-15,1904
10923449,Southbound,SHERBOURNE ST S/B N OF WELLESLEY ST E,Cyclists,2015-07-14,1257
10923449,Southbound,SHERBOURNE ST S/B N OF WELLESLEY ST E,Cyclists,2015-07-13,1738
10923449,Southbound,SHERBOURNE ST S/B N OF WELLESLEY ST E,Cyclists,2015-07-12,1042
10923449,Southbound,SHERBOURNE ST S/B N OF WELLESLEY ST E,Cyclists,2015-07-11,1155
10923449,Southbound,SHERBOURNE ST S/B N OF WELLESLEY ST E,Cyclists,2015-07-10,1629
10923449,Southbound,SHERBOURNE ST S/B N OF WELLESLEY ST E,Cyclists,2015-07-09,1689
10923449,Southbound,SHERBOURNE ST S/B N OF WELLESLEY ST E,Cyclists,2015-07-08,1762
10923449,Southbound,SHERBOURNE ST S/B N OF WELLESLEY ST E,Cyclists,2015-07-07,1268
10923449,Southbound,SHERBOURNE ST S/B N OF WELLESLEY ST E,Cyclists,2015-07-06,1795
10923449,Southbound,SHERBOURNE ST S/B N OF WELLESLEY ST E,Cyclists,2015-07-05,1029
10923449,Southbound,SHERBOURNE ST S/B N OF WELLESLEY ST E,Cyclists,2015-07-04,961
10923449,Southbound,SHERBOURNE ST S/B N OF WELLESLEY ST E,Cyclists,2015-07-03,1569
10923449,Southbound,SHERBOURNE ST S/B N OF WELLESLEY ST E,Cyclists,2015-07-02,1683
10923449,Southbound,SHERBOURNE ST S/B N OF WELLESLEY ST E,Cyclists,2015-07-01,1046
10923449,Southbound,SHERBOURNE ST S/B N OF WELLESLEY ST E,Cyclists,2015-06-30,1170
10923449,Southbound,SHERBOURNE ST S/B N OF WELLESLEY ST E,Cyclists,2015-06-29,1560
10923449,Southbound,SHERBOURNE ST S/B N OF WELLESLEY ST E,Cyclists,2015-06-28,228
10923449,Southbound,SHERBOURNE ST S/B N OF WELLESLEY ST E,Cyclists,2015-06-27,390
10923449,Southbound,SHERBOURNE ST S/B N OF WELLESLEY ST E,Cyclists,2015-06-26,1642
10923449,Southbound,SHERBOURNE ST S/B N OF WELLESLEY ST E,Cyclists,2015-06-25,1515
10923449,Southbound,SHERBOURNE ST S/B N OF WELLESLEY ST E,Cyclists,2015-06-24,1916
10923449,Southbound,SHERBOURNE ST S/B N OF WELLESLEY ST E,Cyclists,2015-06-23,1737
10923449,Southbound,SHERBOURNE ST S/B N OF WELLESLEY ST E,Cyclists,2015-06-22,1687
10923449,Southbound,SHERBOURNE ST S/B N OF WELLESLEY ST E,Cyclists,2015-06-21,848
10923449,Southbound,SHERBOURNE ST S/B N OF WELLESLEY ST E,Cyclists,2015-06-20,1197
10923449,Southbound,SHERBOURNE ST S/B N OF WELLESLEY ST E,Cyclists,2015-06-19,1679
10923449,Southbound,SHERBOURNE ST S/B N OF WELLESLEY ST E,Cyclists,2015-06-18,1596
10923449,Southbound,SHERBOURNE ST S/B N OF WELLESLEY ST E,Cyclists,2015-06-17,1819
10923449,Southbound,SHERBOURNE ST S/B N OF WELLESLEY ST E,Cyclists,2015-06-16,1422
10923449,Southbound,SHERBOURNE ST S/B N OF WELLESLEY ST E,Cyclists,2015-06-15,1432
10923449,Southbound,SHERBOURNE ST S/B N OF WELLESLEY ST E,Cyclists,2015-06-14,435
10923449,Southbound,SHERBOURNE ST S/B N OF WELLESLEY ST E,Cyclists,2015-06-13,1048
10923449,Southbound,SHERBOURNE ST S/B N OF WELLESLEY ST E,Cyclists,2015-06-12,747
10923449,Southbound,SHERBOURNE ST S/B N OF WELLESLEY ST E,Cyclists,2015-06-11,1790
10923449,Southbound,SHERBOURNE ST S/B N OF WELLESLEY ST E,Cyclists,2015-06-10,1399
10923449,Southbound,SHERBOURNE ST S/B N OF WELLESLEY ST E,Cyclists,2015-06-09,1312
10923449,Southbound,SHERBOURNE ST S/B N OF WELLESLEY ST E,Cyclists,2015-06-08,755
10923449,Southbound,SHERBOURNE ST S/B N OF WELLESLEY ST E,Cyclists,2015-06-07,948
10923449,Southbound,SHERBOURNE ST S/B N OF WELLESLEY ST E,Cyclists,2015-06-06,1055
10923449,Southbound,SHERBOURNE ST S/B N OF WELLESLEY ST E,Cyclists,2015-06-05,1196
10923449,Southbound,SHERBOURNE ST S/B N OF WELLESLEY ST E,Cyclists,2015-06-04,1819
10923449,Southbound,SHERBOURNE ST S/B N OF WELLESLEY ST E,Cyclists,2015-06-03,1815
10923449,Southbound,SHERBOURNE ST S/B N OF WELLESLEY ST E,Cyclists,2015-06-02,1718
10923449,Southbound,SHERBOURNE ST S/B N OF WELLESLEY ST E,Cyclists,2015-06-01,1216
10923449,Southbound,SHERBOURNE ST S/B N OF WELLESLEY ST E,Cyclists,2015-05-31,251
10923449,Southbound,SHERBOURNE ST S/B N OF WELLESLEY ST E,Cyclists,2015-05-30,714
10923449,Southbound,SHERBOURNE ST S/B N OF WELLESLEY ST E,Cyclists,2015-05-29,1596
10923449,Southbound,SHERBOURNE ST S/B N OF WELLESLEY ST E,Cyclists,2015-05-28,1702
10923449,Southbound,SHERBOURNE ST S/B N OF WELLESLEY ST E,Cyclists,2015-05-27,1566
10923449,Southbound,SHERBOURNE ST S/B N OF WELLESLEY ST E,Cyclists,2015-05-26,1775
10923449,Southbound,SHERBOURNE ST S/B N OF WELLESLEY ST E,Cyclists,2015-05-25,1458
10923449,Southbound,SHERBOURNE ST S/B N OF WELLESLEY ST E,Cyclists,2015-05-24,1050
10923449,Southbound,SHERBOURNE ST S/B N OF WELLESLEY ST E,Cyclists,2015-05-23,1021
10923449,Southbound,SHERBOURNE ST S/B N OF WELLESLEY ST E,Cyclists,2015-05-22,1403
10923449,Southbound,SHERBOURNE ST S/B N OF WELLESLEY ST E,Cyclists,2015-05-21,1603
10923449,Southbound,SHERBOURNE ST S/B N OF WELLESLEY ST E,Cyclists,2015-05-20,1412
10923449,Southbound,SHERBOURNE ST S/B N OF WELLESLEY ST E,Cyclists,2015-05-19,1487
10923449,Southbound,SHERBOURNE ST S/B N OF WELLESLEY ST E,Cyclists,2015-05-18,805
10923449,Southbound,SHERBOURNE ST S/B N OF WELLESLEY ST E,Cyclists,2015-05-17,876
10923449,Southbound,SHERBOURNE ST S/B N OF WELLESLEY ST E,Cyclists,2015-05-16,829
10923449,Southbound,SHERBOURNE ST S/B N OF WELLESLEY ST E,Cyclists,2015-05-15,1010
10923449,Southbound,SHERBOURNE ST S/B N OF WELLESLEY ST E,Cyclists,2015-05-14,1505
10923449,Southbound,SHERBOURNE ST S/B N OF WELLESLEY ST E,Cyclists,2015-05-13,1340
10923449,Southbound,SHERBOURNE ST S/B N OF WELLESLEY ST E,Cyclists,2015-05-12,1332
10923449,Southbound,SHERBOURNE ST S/B N OF WELLESLEY ST E,Cyclists,2015-05-11,1281
10923449,Southbound,SHERBOURNE ST S/B N OF WELLESLEY ST E,Cyclists,2015-05-10,642
10923449,Southbound,SHERBOURNE ST S/B N OF WELLESLEY ST E,Cyclists,2015-05-09,910
10923449,Southbound,SHERBOURNE ST S/B N OF WELLESLEY ST E,Cyclists,2015-05-08,1535
10923449,Southbound,SHERBOURNE ST S/B N OF WELLESLEY ST E,Cyclists,2015-05-07,1605
10923449,Southbound,SHERBOURNE ST S/B N OF WELLESLEY ST E,Cyclists,2015-05-06,1616
10923449,Southbound,SHERBOURNE ST S/B N OF WELLESLEY ST E,Cyclists,2015-05-05,1478
10923449,Southbound,SHERBOURNE ST S/B N OF WELLESLEY ST E,Cyclists,2015-05-04,1191
10923449,Southbound,SHERBOURNE ST S/B N OF WELLESLEY ST E,Cyclists,2015-05-03,952
10923449,Southbound,SHERBOURNE ST S/B N OF WELLESLEY ST E,Cyclists,2015-05-02,1012
10923449,Southbound,SHERBOURNE ST S/B N OF WELLESLEY ST E,Cyclists,2015-05-01,1334
10923449,Southbound,SHERBOURNE ST S/B N OF WELLESLEY ST E,Cyclists,2015-04-30,1362
10923449,Southbound,SHERBOURNE ST S/B N OF WELLESLEY ST E,Cyclists,2015-04-29,1372
10923449,Southbound,SHERBOURNE ST S/B N OF WELLESLEY ST E,Cyclists,2015-04-28,1366
10923449,Southbound,SHERBOURNE ST S/B N OF WELLESLEY ST E,Cyclists,2015-04-27,982
10923449,Southbound,SHERBOURNE ST S/B N OF WELLESLEY ST E,Cyclists,2015-04-26,619
10923449,Southbound,SHERBOURNE ST S/B N OF WELLESLEY ST E,Cyclists,2015-04-25,566
10923449,Southbound,SHERBOURNE ST S/B N OF WELLESLEY ST E,Cyclists,2015-04-24,736
10923449,Southbound,SHERBOURNE ST S/B N OF WELLESLEY ST E,Cyclists,2015-04-23,688
10923449,Southbound,SHERBOURNE ST S/B N OF WELLESLEY ST E,Cyclists,2015-04-22,690
10923449,Southbound,SHERBOURNE ST S/B N OF WELLESLEY ST E,Cyclists,2015-04-21,784
10923449,Southbound,SHERBOURNE ST S/B N OF WELLESLEY ST E,Cyclists,2015-04-20,379
10923449,Southbound,SHERBOURNE ST S/B N OF WELLESLEY ST E,Cyclists,2015-04-19,489
10923449,Southbound,SHERBOURNE ST S/B N OF WELLESLEY ST E,Cyclists,2015-04-18,809
10923449,Southbound,SHERBOURNE ST S/B N OF WELLESLEY ST E,Cyclists,2015-04-17,1170
10923449,Southbound,SHERBOURNE ST S/B N OF WELLESLEY ST E,Cyclists,2015-04-16,1121
10923449,Southbound,SHERBOURNE ST S/B N OF WELLESLEY ST E,Cyclists,2015-04-15,1239
10923449,Southbound,SHERBOURNE ST S/B N OF WELLESLEY ST E,Cyclists,2015-04-14,1238
10923449,Southbound,SHERBOURNE ST S/B N OF WELLESLEY ST E,Cyclists,2015-04-13,963
10923449,Southbound,SHERBOURNE ST S/B N OF WELLESLEY ST E,Cyclists,2015-04-12,782
10923449,Southbound,SHERBOURNE ST S/B N OF WELLESLEY ST E,Cyclists,2015-04-11,420
10923449,Southbound,SHERBOURNE ST S/B N OF WELLESLEY ST E,Cyclists,2015-04-10,571
10923449,Southbound,SHERBOURNE ST S/B N OF WELLESLEY ST E,Cyclists,2015-04-09,380
10923449,Southbound,SHERBOURNE ST S/B N OF WELLESLEY ST E,Cyclists,2015-04-08,375
10923449,Southbound,SHERBOURNE ST S/B N OF WELLESLEY ST E,Cyclists,2015-04-07,828
10923449,Southbound,SHERBOURNE ST S/B N OF WELLESLEY ST E,Cyclists,2015-04-06,571
10923449,Southbound,SHERBOURNE ST S/B N OF WELLESLEY ST E,Cyclists,2015-04-05,196
10923449,Southbound,SHERBOURNE ST S/B N OF WELLESLEY ST E,Cyclists,2015-04-04,275
10923449,Southbound,SHERBOURNE ST S/B N OF WELLESLEY ST E,Cyclists,2015-04-03,351
10923449,Southbound,SHERBOURNE ST S/B N OF WELLESLEY ST E,Cyclists,2015-04-02,792
10923449,Southbound,SHERBOURNE ST S/B N OF WELLESLEY ST E,Cyclists,2015-04-01,796
10923449,Southbound,SHERBOURNE ST S/B N OF WELLESLEY ST E,Cyclists,2015-03-31,667
10923449,Southbound,SHERBOURNE ST S/B N OF WELLESLEY ST E,Cyclists,2015-03-30,548
10923449,Southbound,SHERBOURNE ST S/B N OF WELLESLEY ST E,Cyclists,2015-03-29,258
10923449,Southbound,SHERBOURNE ST S/B N OF WELLESLEY ST E,Cyclists,2015-03-28,238
10923449,Southbound,SHERBOURNE ST S/B N OF WELLESLEY ST E,Cyclists,2015-03-27,434
10923449,Southbound,SHERBOURNE ST S/B N OF WELLESLEY ST E,Cyclists,2015-03-26,473
10923449,Southbound,SHERBOURNE ST S/B N OF WELLESLEY ST E,Cyclists,2015-03-25,441
10923449,Southbound,SHERBOURNE ST S/B N OF WELLESLEY ST E,Cyclists,2015-03-24,514
10923449,Southbound,SHERBOURNE ST S/B N OF WELLESLEY ST E,Cyclists,2015-03-23,412
10923449,Southbound,SHERBOURNE ST S/B N OF WELLESLEY ST E,Cyclists,2015-03-22,224
10923449,Southbound,SHERBOURNE ST S/B N OF WELLESLEY ST E,Cyclists,2015-03-21,258
10923449,Southbound,SHERBOURNE ST S/B N OF WELLESLEY ST E,Cyclists,2015-03-20,511
10923449,Southbound,SHERBOURNE ST S/B N OF WELLESLEY ST E,Cyclists,2015-03-19,467
10923449,Southbound,SHERBOURNE ST S/B N OF WELLESLEY ST E,Cyclists,2015-03-18,433
10923449,Southbound,SHERBOURNE ST S/B N OF WELLESLEY ST E,Cyclists,2015-03-17,406
10923449,Southbound,SHERBOURNE ST S/B N OF WELLESLEY ST E,Cyclists,2015-03-16,539
10923449,Southbound,SHERBOURNE ST S/B N OF WELLESLEY ST E,Cyclists,2015-03-15,207
10923449,Southbound,SHERBOURNE ST S/B N OF WELLESLEY ST E,Cyclists,2015-03-14,194
10923449,Southbound,SHERBOURNE ST S/B N OF WELLESLEY ST E,Cyclists,2015-03-13,476
10923449,Southbound,SHERBOURNE ST S/B N OF WELLESLEY ST E,Cyclists,2015-03-12,438
10923449,Southbound,SHERBOURNE ST S/B N OF WELLESLEY ST E,Cyclists,2015-03-11,447
10923449,Southbound,SHERBOURNE ST S/B N OF WELLESLEY ST E,Cyclists,2015-03-10,446
10923449,Southbound,SHERBOURNE ST S/B N OF WELLESLEY ST E,Cyclists,2015-03-09,383
10923449,Southbound,SHERBOURNE ST S/B N OF WELLESLEY ST E,Cyclists,2015-03-07,124
10923449,Southbound,SHERBOURNE ST S/B N OF WELLESLEY ST E,Cyclists,2015-03-06,207
10923449,Southbound,SHERBOURNE ST S/B N OF WELLESLEY ST E,Cyclists,2015-03-05,196
10923449,Southbound,SHERBOURNE ST S/B N OF WELLESLEY ST E,Cyclists,2015-03-04,182
10923449,Southbound,SHERBOURNE ST S/B N OF WELLESLEY ST E,Cyclists,2015-03-03,183
10923449,Southbound,SHERBOURNE ST S/B N OF WELLESLEY ST E,Cyclists,2015-03-02,263
10923449,Southbound,SHERBOURNE ST S/B N OF WELLESLEY ST E,Cyclists,2015-03-01,86
10923449,Southbound,SHERBOURNE ST S/B N OF WELLESLEY ST E,Cyclists,2015-02-28,96
10923449,Southbound,SHERBOURNE ST S/B N OF WELLESLEY ST E,Cyclists,2015-02-27,159
10923449,Southbound,SHERBOURNE ST S/B N OF WELLESLEY ST E,Cyclists,2015-02-26,167
10923449,Southbound,SHERBOURNE ST S/B N OF WELLESLEY ST E,Cyclists,2015-02-25,169
10923449,Southbound,SHERBOURNE ST S/B N OF WELLESLEY ST E,Cyclists,2015-02-24,153
10923449,Southbound,SHERBOURNE ST S/B N OF WELLESLEY ST E,Cyclists,2015-02-23,131
10923449,Southbound,SHERBOURNE ST S/B N OF WELLESLEY ST E,Cyclists,2015-02-22,59
10923449,Southbound,SHERBOURNE ST S/B N OF WELLESLEY ST E,Cyclists,2015-02-21,60
10923449,Southbound,SHERBOURNE ST S/B N OF WELLESLEY ST E,Cyclists,2015-02-20,133
10923449,Southbound,SHERBOURNE ST S/B N OF WELLESLEY ST E,Cyclists,2015-02-19,137
10923449,Southbound,SHERBOURNE ST S/B N OF WELLESLEY ST E,Cyclists,2015-02-18,187
10923449,Southbound,SHERBOURNE ST S/B N OF WELLESLEY ST E,Cyclists,2015-02-17,192
10923449,Southbound,SHERBOURNE ST S/B N OF WELLESLEY ST E,Cyclists,2015-02-16,46
10923449,Southbound,SHERBOURNE ST S/B N OF WELLESLEY ST E,Cyclists,2015-02-15,37
10923449,Southbound,SHERBOURNE ST S/B N OF WELLESLEY ST E,Cyclists,2015-02-14,80
10923449,Southbound,SHERBOURNE ST S/B N OF WELLESLEY ST E,Cyclists,2015-02-13,127
10923449,Southbound,SHERBOURNE ST S/B N OF WELLESLEY ST E,Cyclists,2015-02-12,175
10923449,Southbound,SHERBOURNE ST S/B N OF WELLESLEY ST E,Cyclists,2015-02-11,206
10923449,Southbound,SHERBOURNE ST S/B N OF WELLESLEY ST E,Cyclists,2015-02-10,181
10923449,Southbound,SHERBOURNE ST S/B N OF WELLESLEY ST E,Cyclists,2015-02-09,130
10923449,Southbound,SHERBOURNE ST S/B N OF WELLESLEY ST E,Cyclists,2015-02-08,45
10923449,Southbound,SHERBOURNE ST S/B N OF WELLESLEY ST E,Cyclists,2015-02-07,74
10923449,Southbound,SHERBOURNE ST S/B N OF WELLESLEY ST E,Cyclists,2015-02-06,157
10923449,Southbound,SHERBOURNE ST S/B N OF WELLESLEY ST E,Cyclists,2015-02-05,179
10923449,Southbound,SHERBOURNE ST S/B N OF WELLESLEY ST E,Cyclists,2015-02-04,147
10923449,Southbound,SHERBOURNE ST S/B N OF WELLESLEY ST E,Cyclists,2015-02-03,123
10923449,Southbound,SHERBOURNE ST S/B N OF WELLESLEY ST E,Cyclists,2015-02-02,51
10923449,Southbound,SHERBOURNE ST S/B N OF WELLESLEY ST E,Cyclists,2015-02-01,92
10923449,Southbound,SHERBOURNE ST S/B N OF WELLESLEY ST E,Cyclists,2015-01-31,94
10923449,Southbound,SHERBOURNE ST S/B N OF WELLESLEY ST E,Cyclists,2015-01-30,156
10923449,Southbound,SHERBOURNE ST S/B N OF WELLESLEY ST E,Cyclists,2015-01-29,242
10923449,Southbound,SHERBOURNE ST S/B N OF WELLESLEY ST E,Cyclists,2015-01-28,323
10923449,Southbound,SHERBOURNE ST S/B N OF WELLESLEY ST E,Cyclists,2015-01-27,263
10923449,Southbound,SHERBOURNE ST S/B N OF WELLESLEY ST E,Cyclists,2015-01-26,243
10923449,Southbound,SHERBOURNE ST S/B N OF WELLESLEY ST E,Cyclists,2015-01-25,116
10923449,Southbound,SHERBOURNE ST S/B N OF WELLESLEY ST E,Cyclists,2015-01-24,179
10923449,Southbound,SHERBOURNE ST S/B N OF WELLESLEY ST E,Cyclists,2015-01-23,382
10923449,Southbound,SHERBOURNE ST S/B N OF WELLESLEY ST E,Cyclists,2015-01-22,384
10923449,Southbound,SHERBOURNE ST S/B N OF WELLESLEY ST E,Cyclists,2015-01-21,354
10923449,Southbound,SHERBOURNE ST S/B N OF WELLESLEY ST E,Cyclists,2015-01-20,310
10923449,Southbound,SHERBOURNE ST S/B N OF WELLESLEY ST E,Cyclists,2015-01-19,384
10923449,Southbound,SHERBOURNE ST S/B N OF WELLESLEY ST E,Cyclists,2015-01-18,141
10923449,Southbound,SHERBOURNE ST S/B N OF WELLESLEY ST E,Cyclists,2015-01-17,129
10923449,Southbound,SHERBOURNE ST S/B N OF WELLESLEY ST E,Cyclists,2015-01-16,252
10923449,Southbound,SHERBOURNE ST S/B N OF WELLESLEY ST E,Cyclists,2015-01-15,290
10923449,Southbound,SHERBOURNE ST S/B N OF WELLESLEY ST E,Cyclists,2015-01-14,312
10923449,Southbound,SHERBOURNE ST S/B N OF WELLESLEY ST E,Cyclists,2015-01-13,214
10923449,Southbound,SHERBOURNE ST S/B N OF WELLESLEY ST E,Cyclists,2015-01-12,247
10923449,Southbound,SHERBOURNE ST S/B N OF WELLESLEY ST E,Cyclists,2015-01-11,121
10923449,Southbound,SHERBOURNE ST S/B N OF WELLESLEY ST E,Cyclists,2015-01-10,98
10923449,Southbound,SHERBOURNE ST S/B N OF WELLESLEY ST E,Cyclists,2015-01-09,203
10923449,Southbound,SHERBOURNE ST S/B N OF WELLESLEY ST E,Cyclists,2015-01-08,211
10923449,Southbound,SHERBOURNE ST S/B N OF WELLESLEY ST E,Cyclists,2015-01-07,170
10923449,Southbound,SHERBOURNE ST S/B N OF WELLESLEY ST E,Cyclists,2015-01-06,240
10923449,Southbound,SHERBOURNE ST S/B N OF WELLESLEY ST E,Cyclists,2015-01-05,192
10923449,Southbound,SHERBOURNE ST S/B N OF WELLESLEY ST E,Cyclists,2015-01-04,89
10923449,Southbound,SHERBOURNE ST S/B N OF WELLESLEY ST E,Cyclists,2015-01-03,115
10923449,Southbound,SHERBOURNE ST S/B N OF WELLESLEY ST E,Cyclists,2015-01-02,257
10923449,Southbound,SHERBOURNE ST S/B N OF WELLESLEY ST E,Cyclists,2015-01-01,78
10923449,Southbound,SHERBOURNE ST S/B N OF WELLESLEY ST E,Cyclists,2014-12-31,192
10923449,Southbound,SHERBOURNE ST S/B N OF WELLESLEY ST E,Cyclists,2014-12-30,238
10923449,Southbound,SHERBOURNE ST S/B N OF WELLESLEY ST E,Cyclists,2014-12-29,265
10923449,Southbound,SHERBOURNE ST S/B N OF WELLESLEY ST E,Cyclists,2014-12-28,180
10923449,Southbound,SHERBOURNE ST S/B N OF WELLESLEY ST E,Cyclists,2014-12-27,204
10923449,Southbound,SHERBOURNE ST S/B N OF WELLESLEY ST E,Cyclists,2014-12-26,161
10923449,Southbound,SHERBOURNE ST S/B N OF WELLESLEY ST E,Cyclists,2014-12-25,71
10923449,Southbound,SHERBOURNE ST S/B N OF WELLESLEY ST E,Cyclists,2014-12-24,174
10923449,Southbound,SHERBOURNE ST S/B N OF WELLESLEY ST E,Cyclists,2014-12-23,313
10923449,Southbound,SHERBOURNE ST S/B N OF WELLESLEY ST E,Cyclists,2014-12-22,364
10923449,Southbound,SHERBOURNE ST S/B N OF WELLESLEY ST E,Cyclists,2014-12-21,223
10923449,Southbound,SHERBOURNE ST S/B N OF WELLESLEY ST E,Cyclists,2014-12-20,242
10923449,Southbound,SHERBOURNE ST S/B N OF WELLESLEY ST E,Cyclists,2014-12-19,392
10923449,Southbound,SHERBOURNE ST S/B N OF WELLESLEY ST E,Cyclists,2014-12-18,413
10923449,Southbound,SHERBOURNE ST S/B N OF WELLESLEY ST E,Cyclists,2014-12-17,360
10923449,Southbound,SHERBOURNE ST S/B N OF WELLESLEY ST E,Cyclists,2014-12-16,366
10923449,Southbound,SHERBOURNE ST S/B N OF WELLESLEY ST E,Cyclists,2014-12-15,516
10923449,Southbound,SHERBOURNE ST S/B N OF WELLESLEY ST E,Cyclists,2014-12-14,175
10923449,Southbound,SHERBOURNE ST S/B N OF WELLESLEY ST E,Cyclists,2014-12-13,193
10923449,Southbound,SHERBOURNE ST S/B N OF WELLESLEY ST E,Cyclists,2014-12-12,217
10923449,Southbound,SHERBOURNE ST S/B N OF WELLESLEY ST E,Cyclists,2014-12-11,120
10923449,Southbound,SHERBOURNE ST S/B N OF WELLESLEY ST E,Cyclists,2014-12-10,511
10923449,Southbound,SHERBOURNE ST S/B N OF WELLESLEY ST E,Cyclists,2014-12-09,574
10923449,Southbound,SHERBOURNE ST S/B N OF WELLESLEY ST E,Cyclists,2014-12-08,587
10923449,Southbound,SHERBOURNE ST S/B N OF WELLESLEY ST E,Cyclists,2014-12-07,253
10923449,Southbound,SHERBOURNE ST S/B N OF WELLESLEY ST E,Cyclists,2014-12-06,291
10923449,Southbound,SHERBOURNE ST S/B N OF WELLESLEY ST E,Cyclists,2014-12-05,522
10923449,Southbound,SHERBOURNE ST S/B N OF WELLESLEY ST E,Cyclists,2014-12-04,512
10923449,Southbound,SHERBOURNE ST S/B N OF WELLESLEY ST E,Cyclists,2014-12-03,487
10923449,Southbound,SHERBOURNE ST S/B N OF WELLESLEY ST E,Cyclists,2014-12-02,491
10923449,Southbound,SHERBOURNE ST S/B N OF WELLESLEY ST E,Cyclists,2014-12-01,578
10923449,Southbound,SHERBOURNE ST S/B N OF WELLESLEY ST E,Cyclists,2014-11-30,314
10923449,Southbound,SHERBOURNE ST S/B N OF WELLESLEY ST E,Cyclists,2014-11-29,268
10923449,Southbound,SHERBOURNE ST S/B N OF WELLESLEY ST E,Cyclists,2014-11-28,558
10923449,Southbound,SHERBOURNE ST S/B N OF WELLESLEY ST E,Cyclists,2014-11-27,544
10923449,Southbound,SHERBOURNE ST S/B N OF WELLESLEY ST E,Cyclists,2014-11-26,620
10923449,Southbound,SHERBOURNE ST S/B N OF WELLESLEY ST E,Cyclists,2014-11-25,603
10923449,Southbound,SHERBOURNE ST S/B N OF WELLESLEY ST E,Cyclists,2014-11-24,580
10923449,Southbound,SHERBOURNE ST S/B N OF WELLESLEY ST E,Cyclists,2014-11-23,289
10923449,Southbound,SHERBOURNE ST S/B N OF WELLESLEY ST E,Cyclists,2014-11-22,220
10923449,Southbound,SHERBOURNE ST S/B N OF WELLESLEY ST E,Cyclists,2014-11-21,374
10923449,Southbound,SHERBOURNE ST S/B N OF WELLESLEY ST E,Cyclists,2014-11-20,251
10923449,Southbound,SHERBOURNE ST S/B N OF WELLESLEY ST E,Cyclists,2014-11-19,419
10923449,Southbound,SHERBOURNE ST S/B N OF WELLESLEY ST E,Cyclists,2014-11-18,431
10923449,Southbound,SHERBOURNE ST S/B N OF WELLESLEY ST E,Cyclists,2014-11-17,407
10923449,Southbound,SHERBOURNE ST S/B N OF WELLESLEY ST E,Cyclists,2014-11-16,228
10923449,Southbound,SHERBOURNE ST S/B N OF WELLESLEY ST E,Cyclists,2014-11-15,355
10923449,Southbound,SHERBOURNE ST S/B N OF WELLESLEY ST E,Cyclists,2014-11-14,710
10923449,Southbound,SHERBOURNE ST S/B N OF WELLESLEY ST E,Cyclists,2014-11-13,729
10923449,Southbound,SHERBOURNE ST S/B N OF WELLESLEY ST E,Cyclists,2014-11-12,886
10923449,Southbound,SHERBOURNE ST S/B N OF WELLESLEY ST E,Cyclists,2014-11-11,1022
10923449,Southbound,SHERBOURNE ST S/B N OF WELLESLEY ST E,Cyclists,2014-11-10,892
10923449,Southbound,SHERBOURNE ST S/B N OF WELLESLEY ST E,Cyclists,2014-11-09,369
10923449,Southbound,SHERBOURNE ST S/B N OF WELLESLEY ST E,Cyclists,2014-11-08,316
10923449,Southbound,SHERBOURNE ST S/B N OF WELLESLEY ST E,Cyclists,2014-11-07,793
10923449,Southbound,SHERBOURNE ST S/B N OF WELLESLEY ST E,Cyclists,2014-11-06,883
10923449,Southbound,SHERBOURNE ST S/B N OF WELLESLEY ST E,Cyclists,2014-11-05,1056
10923449,Southbound,SHERBOURNE ST S/B N OF WELLESLEY ST E,Cyclists,2014-11-04,833
10923449,Southbound,SHERBOURNE ST S/B N OF WELLESLEY ST E,Cyclists,2014-11-03,1061
10923449,Southbound,SHERBOURNE ST S/B N OF WELLESLEY ST E,Cyclists,2014-11-02,407
10923449,Southbound,SHERBOURNE ST S/B N OF WELLESLEY ST E,Cyclists,2014-11-01,307
10923449,Southbound,SHERBOURNE ST S/B N OF WELLESLEY ST E,Cyclists,2014-10-31,553
10923449,Southbound,SHERBOURNE ST S/B N OF WELLESLEY ST E,Cyclists,2014-10-30,1115
10923449,Southbound,SHERBOURNE ST S/B N OF WELLESLEY ST E,Cyclists,2014-10-29,1145
10923449,Southbound,SHERBOURNE ST S/B N OF WELLESLEY ST E,Cyclists,2014-10-28,1035
10923449,Southbound,SHERBOURNE ST S/B N OF WELLESLEY ST E,Cyclists,2014-10-27,1215
10923449,Southbound,SHERBOURNE ST S/B N OF WELLESLEY ST E,Cyclists,2014-10-26,563
10923449,Southbound,SHERBOURNE ST S/B N OF WELLESLEY ST E,Cyclists,2014-10-25,639
10923449,Southbound,SHERBOURNE ST S/B N OF WELLESLEY ST E,Cyclists,2014-10-24,1146
10923449,Southbound,SHERBOURNE ST S/B N OF WELLESLEY ST E,Cyclists,2014-10-23,1236
10923449,Southbound,SHERBOURNE ST S/B N OF WELLESLEY ST E,Cyclists,2014-10-22,1147
10923449,Southbound,SHERBOURNE ST S/B N OF WELLESLEY ST E,Cyclists,2014-10-21,817
10923449,Southbound,SHERBOURNE ST S/B N OF WELLESLEY ST E,Cyclists,2014-10-20,694
10923449,Southbound,SHERBOURNE ST S/B N OF WELLESLEY ST E,Cyclists,2014-10-19,573
10923449,Southbound,SHERBOURNE ST S/B N OF WELLESLEY ST E,Cyclists,2014-10-18,512
10923449,Southbound,SHERBOURNE ST S/B N OF WELLESLEY ST E,Cyclists,2014-10-17,984
10923449,Southbound,SHERBOURNE ST S/B N OF WELLESLEY ST E,Cyclists,2014-10-16,1121
10923449,Southbound,SHERBOURNE ST S/B N OF WELLESLEY ST E,Cyclists,2014-10-15,1082
10923449,Southbound,SHERBOURNE ST S/B N OF WELLESLEY ST E,Cyclists,2014-10-14,1362
10923449,Southbound,SHERBOURNE ST S/B N OF WELLESLEY ST E,Cyclists,2014-10-13,329
10923449,Southbound,SHERBOURNE ST S/B N OF WELLESLEY ST E,Cyclists,2014-10-12,440
10923449,Southbound,SHERBOURNE ST S/B N OF WELLESLEY ST E,Cyclists,2014-10-11,507
10923449,Southbound,SHERBOURNE ST S/B N OF WELLESLEY ST E,Cyclists,2014-10-10,1175
10923449,Southbound,SHERBOURNE ST S/B N OF WELLESLEY ST E,Cyclists,2014-10-09,1291
10923449,Southbound,SHERBOURNE ST S/B N OF WELLESLEY ST E,Cyclists,2014-10-08,1209
10923449,Southbound,SHERBOURNE ST S/B N OF WELLESLEY ST E,Cyclists,2014-10-07,1119
10923449,Southbound,SHERBOURNE ST S/B N OF WELLESLEY ST E,Cyclists,2014-10-06,1080
10923449,Southbound,SHERBOURNE ST S/B N OF WELLESLEY ST E,Cyclists,2014-10-05,563
10923449,Southbound,SHERBOURNE ST S/B N OF WELLESLEY ST E,Cyclists,2014-10-04,645
10923449,Southbound,SHERBOURNE ST S/B N OF WELLESLEY ST E,Cyclists,2014-10-03,1085
10923449,Southbound,SHERBOURNE ST S/B N OF WELLESLEY ST E,Cyclists,2014-10-02,1471
10923449,Southbound,SHERBOURNE ST S/B N OF WELLESLEY ST E,Cyclists,2014-10-01,1424
10923449,Southbound,SHERBOURNE ST S/B N OF WELLESLEY ST E,Cyclists,2014-09-30,1364
10923449,Southbound,SHERBOURNE ST S/B N OF WELLESLEY ST E,Cyclists,2014-09-29,1571
10923449,Southbound,SHERBOURNE ST S/B N OF WELLESLEY ST E,Cyclists,2014-09-28,946
10923449,Southbound,SHERBOURNE ST S/B N OF WELLESLEY ST E,Cyclists,2014-09-27,1056
10923449,Southbound,SHERBOURNE ST S/B N OF WELLESLEY ST E,Cyclists,2014-09-26,1495
10923449,Southbound,SHERBOURNE ST S/B N OF WELLESLEY ST E,Cyclists,2014-09-25,1669
10923449,Southbound,SHERBOURNE ST S/B N OF WELLESLEY ST E,Cyclists,2014-09-24,1643
10923449,Southbound,SHERBOURNE ST S/B N OF WELLESLEY ST E,Cyclists,2014-09-23,1607
10923449,Southbound,SHERBOURNE ST S/B N OF WELLESLEY ST E,Cyclists,2014-09-22,1300
10923449,Southbound,SHERBOURNE ST S/B N OF WELLESLEY ST E,Cyclists,2014-09-21,578
10923449,Southbound,SHERBOURNE ST S/B N OF WELLESLEY ST E,Cyclists,2014-09-20,772
10923449,Southbound,SHERBOURNE ST S/B N OF WELLESLEY ST E,Cyclists,2014-09-19,1349
10923449,Southbound,SHERBOURNE ST S/B N OF WELLESLEY ST E,Cyclists,2014-09-18,1500
10923449,Southbound,SHERBOURNE ST S/B N OF WELLESLEY ST E,Cyclists,2014-09-17,1641
10923449,Southbound,SHERBOURNE ST S/B N OF WELLESLEY ST E,Cyclists,2014-09-16,1546
10923449,Southbound,SHERBOURNE ST S/B N OF WELLESLEY ST E,Cyclists,2014-09-15,1314
10923449,Southbound,SHERBOURNE ST S/B N OF WELLESLEY ST E,Cyclists,2014-09-14,809
10923449,Southbound,SHERBOURNE ST S/B N OF WELLESLEY ST E,Cyclists,2014-09-13,518
10923449,Southbound,SHERBOURNE ST S/B N OF WELLESLEY ST E,Cyclists,2014-09-12,1425
10923449,Southbound,SHERBOURNE ST S/B N OF WELLESLEY ST E,Cyclists,2014-09-11,1390
10923449,Southbound,SHERBOURNE ST S/B N OF WELLESLEY ST E,Cyclists,2014-09-10,1317
10923449,Southbound,SHERBOURNE ST S/B N OF WELLESLEY ST E,Cyclists,2014-09-09,1793
10923449,Southbound,SHERBOURNE ST S/B N OF WELLESLEY ST E,Cyclists,2014-09-08,1769
10923449,Southbound,SHERBOURNE ST S/B N OF WELLESLEY ST E,Cyclists,2014-09-07,1089
10923449,Southbound,SHERBOURNE ST S/B N OF WELLESLEY ST E,Cyclists,2014-09-06,805
10923449,Southbound,SHERBOURNE ST S/B N OF WELLESLEY ST E,Cyclists,2014-09-05,1356
10923449,Southbound,SHERBOURNE ST S/B N OF WELLESLEY ST E,Cyclists,2014-09-04,1778
10923449,Southbound,SHERBOURNE ST S/B N OF WELLESLEY ST E,Cyclists,2014-09-03,1768
10923449,Southbound,SHERBOURNE ST S/B N OF WELLESLEY ST E,Cyclists,2014-09-02,1327
10923449,Southbound,SHERBOURNE ST S/B N OF WELLESLEY ST E,Cyclists,2014-09-01,807
10923449,Southbound,SHERBOURNE ST S/B N OF WELLESLEY ST E,Cyclists,2014-08-31,789
10923449,Southbound,SHERBOURNE ST S/B N OF WELLESLEY ST E,Cyclists,2014-08-30,806
10923449,Southbound,SHERBOURNE ST S/B N OF WELLESLEY ST E,Cyclists,2014-08-29,1345
10923449,Southbound,SHERBOURNE ST S/B N OF WELLESLEY ST E,Cyclists,2014-08-28,1623
10923449,Southbound,SHERBOURNE ST S/B N OF WELLESLEY ST E,Cyclists,2014-08-27,1632
10923449,Southbound,SHERBOURNE ST S/B N OF WELLESLEY ST E,Cyclists,2014-08-26,1577
10923449,Southbound,SHERBOURNE ST S/B N OF WELLESLEY ST E,Cyclists,2014-08-25,1638
10923449,Southbound,SHERBOURNE ST S/B N OF WELLESLEY ST E,Cyclists,2014-08-24,1002
10923449,Southbound,SHERBOURNE ST S/B N OF WELLESLEY ST E,Cyclists,2014-08-23,801
10923449,Southbound,SHERBOURNE ST S/B N OF WELLESLEY ST E,Cyclists,2014-08-22,1365
10923449,Southbound,SHERBOURNE ST S/B N OF WELLESLEY ST E,Cyclists,2014-08-21,1312
10923449,Southbound,SHERBOURNE ST S/B N OF WELLESLEY ST E,Cyclists,2014-08-20,1080
10923449,Southbound,SHERBOURNE ST S/B N OF WELLESLEY ST E,Cyclists,2014-08-19,1614
10923449,Southbound,SHERBOURNE ST S/B N OF WELLESLEY ST E,Cyclists,2014-08-18,1529
10923449,Southbound,SHERBOURNE ST S/B N OF WELLESLEY ST E,Cyclists,2014-08-17,916
10923449,Southbound,SHERBOURNE ST S/B N OF WELLESLEY ST E,Cyclists,2014-08-16,622
10923449,Southbound,SHERBOURNE ST S/B N OF WELLESLEY ST E,Cyclists,2014-08-15,1339
10923449,Southbound,SHERBOURNE ST S/B N OF WELLESLEY ST E,Cyclists,2014-08-14,1442
10923449,Southbound,SHERBOURNE ST S/B N OF WELLESLEY ST E,Cyclists,2014-08-13,1555
10923449,Southbound,SHERBOURNE ST S/B N OF WELLESLEY ST E,Cyclists,2014-08-12,1066
10923449,Southbound,SHERBOURNE ST S/B N OF WELLESLEY ST E,Cyclists,2014-08-11,1563
10923449,Southbound,SHERBOURNE ST S/B N OF WELLESLEY ST E,Cyclists,2014-08-10,996
10923449,Southbound,SHERBOURNE ST S/B N OF WELLESLEY ST E,Cyclists,2014-08-09,1041
10923449,Southbound,SHERBOURNE ST S/B N OF WELLESLEY ST E,Cyclists,2014-08-08,1534
10923449,Southbound,SHERBOURNE ST S/B N OF WELLESLEY ST E,Cyclists,2014-08-07,1680
10923449,Southbound,SHERBOURNE ST S/B N OF WELLESLEY ST E,Cyclists,2014-08-06,1687
10923449,Southbound,SHERBOURNE ST S/B N OF WELLESLEY ST E,Cyclists,2014-08-05,1291
10923449,Southbound,SHERBOURNE ST S/B N OF WELLESLEY ST E,Cyclists,2014-08-04,643
10923449,Southbound,SHERBOURNE ST S/B N OF WELLESLEY ST E,Cyclists,2014-08-03,797
10923449,Southbound,SHERBOURNE ST S/B N OF WELLESLEY ST E,Cyclists,2014-08-02,792
10923449,Southbound,SHERBOURNE ST S/B N OF WELLESLEY ST E,Cyclists,2014-08-01,1318
10923449,Southbound,SHERBOURNE ST S/B N OF WELLESLEY ST E,Cyclists,2014-07-31,1567
10923449,Southbound,SHERBOURNE ST S/B N OF WELLESLEY ST E,Cyclists,2014-07-30,1489
10923449,Southbound,SHERBOURNE ST S/B N OF WELLESLEY ST E,Cyclists,2014-07-29,1435
10923449,Southbound,SHERBOURNE ST S/B N OF WELLESLEY ST E,Cyclists,2014-07-28,994
10923449,Southbound,SHERBOURNE ST S/B N OF WELLESLEY ST E,Cyclists,2014-07-27,855
10923449,Southbound,SHERBOURNE ST S/B N OF WELLESLEY ST E,Cyclists,2014-07-26,947
10923449,Southbound,SHERBOURNE ST S/B N OF WELLESLEY ST E,Cyclists,2014-07-25,1649
10923449,Southbound,SHERBOURNE ST S/B N OF WELLESLEY ST E,Cyclists,2014-07-24,1796
10923449,Southbound,SHERBOURNE ST S/B N OF WELLESLEY ST E,Cyclists,2014-07-23,1521
10923449,Southbound,SHERBOURNE ST S/B N OF WELLESLEY ST E,Cyclists,2014-07-22,1771
10923449,Southbound,SHERBOURNE ST S/B N OF WELLESLEY ST E,Cyclists,2014-07-21,1783
10923449,Southbound,SHERBOURNE ST S/B N OF WELLESLEY ST E,Cyclists,2014-07-20,752
10923449,Southbound,SHERBOURNE ST S/B N OF WELLESLEY ST E,Cyclists,2014-07-19,667
10923449,Southbound,SHERBOURNE ST S/B N OF WELLESLEY ST E,Cyclists,2014-07-18,1626
10923449,Southbound,SHERBOURNE ST S/B N OF WELLESLEY ST E,Cyclists,2014-07-17,1709
10923449,Southbound,SHERBOURNE ST S/B N OF WELLESLEY ST E,Cyclists,2014-07-16,1662
10923449,Southbound,SHERBOURNE ST S/B N OF WELLESLEY ST E,Cyclists,2014-07-15,1249
10923449,Southbound,SHERBOURNE ST S/B N OF WELLESLEY ST E,Cyclists,2014-07-14,1610
10923449,Southbound,SHERBOURNE ST S/B N OF WELLESLEY ST E,Cyclists,2014-07-13,677
10923449,Southbound,SHERBOURNE ST S/B N OF WELLESLEY ST E,Cyclists,2014-07-12,1023
10923449,Southbound,SHERBOURNE ST S/B N OF WELLESLEY ST E,Cyclists,2014-07-11,1610
10923449,Southbound,SHERBOURNE ST S/B N OF WELLESLEY ST E,Cyclists,2014-07-10,1818
10923449,Southbound,SHERBOURNE ST S/B N OF WELLESLEY ST E,Cyclists,2014-07-09,1688
10923449,Southbound,SHERBOURNE ST S/B N OF WELLESLEY ST E,Cyclists,2014-07-08,1344
10923449,Southbound,SHERBOURNE ST S/B N OF WELLESLEY ST E,Cyclists,2014-07-07,974
10923449,Southbound,SHERBOURNE ST S/B N OF WELLESLEY ST E,Cyclists,2014-07-06,937
10923449,Southbound,SHERBOURNE ST S/B N OF WELLESLEY ST E,Cyclists,2014-07-05,963
10923449,Southbound,SHERBOURNE ST S/B N OF WELLESLEY ST E,Cyclists,2014-07-04,1613
10923449,Southbound,SHERBOURNE ST S/B N OF WELLESLEY ST E,Cyclists,2014-07-03,1665
10923449,Southbound,SHERBOURNE ST S/B N OF WELLESLEY ST E,Cyclists,2014-07-02,1521
10923449,Southbound,SHERBOURNE ST S/B N OF WELLESLEY ST E,Cyclists,2014-07-01,799
10923449,Southbound,SHERBOURNE ST S/B N OF WELLESLEY ST E,Cyclists,2014-06-30,1105
10923449,Southbound,SHERBOURNE ST S/B N OF WELLESLEY ST E,Cyclists,2014-06-29,887
10923449,Southbound,SHERBOURNE ST S/B N OF WELLESLEY ST E,Cyclists,2014-06-28,1083
10923449,Southbound,SHERBOURNE ST S/B N OF WELLESLEY ST E,Cyclists,2014-06-27,1729
10923449,Southbound,SHERBOURNE ST S/B N OF WELLESLEY ST E,Cyclists,2014-06-26,1724
10923449,Southbound,SHERBOURNE ST S/B N OF WELLESLEY ST E,Cyclists,2014-06-25,1342
10923449,Southbound,SHERBOURNE ST S/B N OF WELLESLEY ST E,Cyclists,2014-06-24,1051
10923449,Southbound,SHERBOURNE ST S/B N OF WELLESLEY ST E,Cyclists,2014-06-23,1623
10923449,Southbound,SHERBOURNE ST S/B N OF WELLESLEY ST E,Cyclists,2014-06-22,1086
10923449,Southbound,SHERBOURNE ST S/B N OF WELLESLEY ST E,Cyclists,2014-06-21,1119
10923449,Southbound,SHERBOURNE ST S/B N OF WELLESLEY ST E,Cyclists,2014-06-20,1572
10923449,Southbound,SHERBOURNE ST S/B N OF WELLESLEY ST E,Cyclists,2014-06-19,1730
10923449,Southbound,SHERBOURNE ST S/B N OF WELLESLEY ST E,Cyclists,2014-06-18,1513
10923449,Southbound,SHERBOURNE ST S/B N OF WELLESLEY ST E,Cyclists,2014-06-17,1426
10923449,Southbound,SHERBOURNE ST S/B N OF WELLESLEY ST E,Cyclists,2014-06-16,1410
10923449,Southbound,SHERBOURNE ST S/B N OF WELLESLEY ST E,Cyclists,2014-06-15,898
10923449,Southbound,SHERBOURNE ST S/B N OF WELLESLEY ST E,Cyclists,2014-06-14,884
10923449,Southbound,SHERBOURNE ST S/B N OF WELLESLEY ST E,Cyclists,2014-06-13,1510
10923449,Southbound,SHERBOURNE ST S/B N OF WELLESLEY ST E,Cyclists,2014-06-12,1471
10923449,Southbound,SHERBOURNE ST S/B N OF WELLESLEY ST E,Cyclists,2014-06-11,823
10923449,Southbound,SHERBOURNE ST S/B N OF WELLESLEY ST E,Cyclists,2014-06-10,1811
10923449,Southbound,SHERBOURNE ST S/B N OF WELLESLEY ST E,Cyclists,2014-06-09,1729
10923449,Southbound,SHERBOURNE ST S/B N OF WELLESLEY ST E,Cyclists,2014-06-08,708
10923449,Southbound,SHERBOURNE ST S/B N OF WELLESLEY ST E,Cyclists,2014-06-07,1095
10923449,Southbound,SHERBOURNE ST S/B N OF WELLESLEY ST E,Cyclists,2014-06-06,1571
10923449,Southbound,SHERBOURNE ST S/B N OF WELLESLEY ST E,Cyclists,2014-06-05,1660
10923449,Southbound,SHERBOURNE ST S/B N OF WELLESLEY ST E,Cyclists,2014-06-04,1742
10923449,Southbound,SHERBOURNE ST S/B N OF WELLESLEY ST E,Cyclists,2014-06-03,1215
10923449,Southbound,SHERBOURNE ST S/B N OF WELLESLEY ST E,Cyclists,2014-06-02,1582
10923449,Southbound,SHERBOURNE ST S/B N OF WELLESLEY ST E,Cyclists,2014-06-01,1076
10923449,Southbound,SHERBOURNE ST S/B N OF WELLESLEY ST E,Cyclists,2014-05-31,1085
10923449,Southbound,SHERBOURNE ST S/B N OF WELLESLEY ST E,Cyclists,2014-05-30,1557
10923449,Southbound,SHERBOURNE ST S/B N OF WELLESLEY ST E,Cyclists,2014-05-29,1567
10923449,Southbound,SHERBOURNE ST S/B N OF WELLESLEY ST E,Cyclists,2014-05-28,1522
10923449,Southbound,SHERBOURNE ST S/B N OF WELLESLEY ST E,Cyclists,2014-05-27,1422
10923449,Southbound,SHERBOURNE ST S/B N OF WELLESLEY ST E,Cyclists,2014-05-26,1719
10923449,Southbound,SHERBOURNE ST S/B N OF WELLESLEY ST E,Cyclists,2014-05-25,1085
10923449,Southbound,SHERBOURNE ST S/B N OF WELLESLEY ST E,Cyclists,2014-05-24,976
10923449,Southbound,SHERBOURNE ST S/B N OF WELLESLEY ST E,Cyclists,2014-05-23,1049
10923449,Southbound,SHERBOURNE ST S/B N OF WELLESLEY ST E,Cyclists,2014-05-22,1497
10923449,Southbound,SHERBOURNE ST S/B N OF WELLESLEY ST E,Cyclists,2014-05-21,1281
10923449,Southbound,SHERBOURNE ST S/B N OF WELLESLEY ST E,Cyclists,2014-05-20,1278
10923449,Southbound,SHERBOURNE ST S/B N OF WELLESLEY ST E,Cyclists,2014-05-19,801
10923449,Southbound,SHERBOURNE ST S/B N OF WELLESLEY ST E,Cyclists,2014-05-18,571
10923449,Southbound,SHERBOURNE ST S/B N OF WELLESLEY ST E,Cyclists,2014-05-17,549
10923449,Southbound,SHERBOURNE ST S/B N OF WELLESLEY ST E,Cyclists,2014-05-16,911
10923449,Southbound,SHERBOURNE ST S/B N OF WELLESLEY ST E,Cyclists,2014-05-15,749
10923449,Southbound,SHERBOURNE ST S/B N OF WELLESLEY ST E,Cyclists,2014-05-14,1000
10923449,Southbound,SHERBOURNE ST S/B N OF WELLESLEY ST E,Cyclists,2014-05-13,984
10923449,Southbound,SHERBOURNE ST S/B N OF WELLESLEY ST E,Cyclists,2014-05-12,1246
10923449,Southbound,SHERBOURNE ST S/B N OF WELLESLEY ST E,Cyclists,2014-05-11,776
10923449,Southbound,SHERBOURNE ST S/B N OF WELLESLEY ST E,Cyclists,2014-05-10,925
10923449,Southbound,SHERBOURNE ST S/B N OF WELLESLEY ST E,Cyclists,2014-05-09,992
10923449,Southbound,SHERBOURNE ST S/B N OF WELLESLEY ST E,Cyclists,2014-05-08,1143
10923449,Southbound,SHERBOURNE ST S/B N OF WELLESLEY ST E,Cyclists,2014-05-07,1135
10923449,Southbound,SHERBOURNE ST S/B N OF WELLESLEY ST E,Cyclists,2014-05-06,1303
10923449,Southbound,SHERBOURNE ST S/B N OF WELLESLEY ST E,Cyclists,2014-05-05,1168
10923449,Southbound,SHERBOURNE ST S/B N OF WELLESLEY ST E,Cyclists,2014-05-04,627
10923449,Southbound,SHERBOURNE ST S/B N OF WELLESLEY ST E,Cyclists,2014-05-03,339
10923449,Southbound,SHERBOURNE ST S/B N OF WELLESLEY ST E,Cyclists,2014-05-02,864
10923449,Southbound,SHERBOURNE ST S/B N OF WELLESLEY ST E,Cyclists,2014-05-01,763
